Date,Sentiment_Positive,Sentiment_Negative,Sentiment_Neutral,Net_Sentiment
2010-04-07,4.6430308429989964e-05,0.00037677912041544914,0.99957674741745,-0.0003303488119854592
2010-04-26,0.0006050662486813962,0.989486813545227,0.00990812573581934,-0.9888817472965457
2010-06-20,0.00010960932559100911,0.00018845032900571823,0.9997019171714783,-7.884100341470912e-05
2010-10-15,0.0010231633204966784,0.9976334571838379,0.0013434384018182755,-0.9966102938633412
2010-10-27,0.49206836184021086,0.49738328717648983,0.010548292892053723,-0.005314925336278975
2010-11-03,0.007251085829921067,0.9896168410778046,0.0031320906709879637,-0.9823657552478835
2010-11-27,0.9996438026428223,0.00022079236805438995,0.0001354122068732977,0.9994230102747679
2010-12-13,0.0007578340591862798,6.676070188404992e-05,0.999175488948822,0.0006910733573022299
2010-12-30,7.875033043092117e-05,8.512073691235855e-05,0.9998360872268677,-6.370406481437385e-06
2011-01-02,0.9990195035934448,0.00032359713804908097,0.0006568320677615702,0.9986959064553957
2011-01-08,0.8173905611038208,0.15560925006866455,0.02700014039874077,0.6617813110351562
2011-01-30,5.1011320465477183e-05,8.064688154263422e-05,0.9998682737350464,-2.9635561077157035e-05
2011-02-12,0.9989529848098755,0.00023056943609844893,0.000816380197647959,0.998722415373777
2011-02-16,0.019059356302022934,0.9773799777030945,0.0035606850869953632,-0.9583206214010715
2011-02-17,0.325773149728775,0.002315673977136612,0.6719112396240234,0.3234574757516384
2011-03-09,0.0028300879057496786,0.9234855771064758,0.07368434220552444,-0.9206554892007262
2011-03-14,0.003516869153827429,0.9941259622573853,0.0023571038618683815,-0.9906090931035578
2011-03-18,0.0013214530190452933,0.000136003945954144,0.9985425472259521,0.0011854490730911493
2011-04-06,0.0011854359181597829,0.913763165473938,0.08505132049322128,-0.9125777295557782
2011-04-27,0.0008758392068557441,0.9983281493186951,0.000796034000813961,-0.9974523101118393
2011-05-27,0.001397253479808569,0.9979177117347717,0.0006850615609437227,-0.9965204582549632
2011-06-24,0.14339691400527954,0.8188042044639587,0.037798922508955,-0.6754072904586792
2011-08-11,0.9994699358940125,0.0002102060243487358,0.0003198306367266923,0.9992597298696637
2011-10-28,0.0005289432010613382,0.9540780186653137,0.04539303481578827,-0.9535490754642524
2011-12-13,0.00028376636328175664,6.816194218117744e-05,0.9996480941772461,0.0002156044211005792
2011-12-14,0.9996801614761353,0.00015973408881109208,0.00016009538376238197,0.9995204273873242
2012-03-06,0.0022793072275817394,0.9944385290145874,0.003282233839854598,-0.9921592217870057
2012-05-07,0.999503493309021,0.00033071599318645895,0.0001657855318626389,0.9991727773158345
2012-06-09,0.9741678237915039,0.00043538419413380325,0.02539677917957306,0.9737324395973701
2012-06-27,4.7202349378494546e-05,8.134309609886259e-05,0.9998714923858643,-3.414074672036804e-05
2012-09-05,0.00027045791102864314,0.4979827251081588,0.5017468289006501,-0.49771226719713013
2012-09-28,4.129963053856045e-05,0.00016173793119378388,0.9997969269752502,-0.00012043830065522343
2012-10-03,5.299037366057746e-05,7.710626960033551e-05,0.9998698234558105,-2.4115895939758047e-05
2012-11-01,5.907499144086614e-05,6.489671068266034e-05,0.9998760223388672,-5.821719241794199e-06
2012-11-08,5.2143885113764554e-05,6.615726306336e-05,0.9998817443847656,-1.4013377949595451e-05
2012-11-11,0.00012238755880389363,6.259748624870554e-05,0.999815046787262,5.979007255518809e-05
2012-11-23,0.9983007311820984,0.0011565815657377243,0.0005427596042864025,0.9971441496163607
2013-01-02,0.9981629252433777,0.0003363846044521779,0.0015007243491709232,0.9978265406389255
2013-02-05,0.12750406563282013,0.0025892772246152163,0.8699066638946533,0.12491478840820491
2013-02-11,0.0005463488632813096,0.9985352754592896,0.0009183208458125591,-0.9979889265960082
2013-02-28,0.9984814524650574,0.00018899876158684492,0.0013295430690050125,0.9982924537034705
2013-05-12,0.0008628432988189161,0.9947688579559326,0.0043683708645403385,-0.9939060146571137
2013-06-19,0.9989339709281921,0.0006352229393087327,0.0004307834606152028,0.9982987479888834
2013-08-20,0.9997031092643738,0.00018715353508014232,0.00010974375618388876,0.9995159557292936
2013-08-27,0.0004705172614194453,0.10979858785867691,0.8897308707237244,-0.10932807059725747
2013-09-19,3.83530932595022e-05,6.745218706782907e-05,0.9998941421508789,-2.909909380832687e-05
2013-10-20,0.9994885921478271,0.00018028492922894657,0.00033112228265963495,0.9993083072185982
2013-10-31,0.9995436072349548,0.0002320936182513833,0.00022430054377764463,0.9993115136167035
2013-11-01,0.9991365075111389,0.0005628472426906228,0.0003007257473655045,0.9985736602684483
2013-12-23,0.0006709346198476851,0.9983031749725342,0.0010258191032335162,-0.9976322403526865
2014-01-04,5.8139576140092686e-05,7.46891601011157e-05,0.9998670816421509,-1.6549583961023018e-05
2014-01-24,0.9200064539909363,0.0005247237859293818,0.0794687494635582,0.9194817302050069
2014-01-26,0.9986395239830017,0.0002262590714963153,0.001134217600338161,0.9984132649115054
2014-02-19,4.4078511564293876e-05,6.552295235451311e-05,0.9998903274536133,-2.1444440790219232e-05
2014-03-03,0.00013490105629898608,0.016314733773469925,0.9835503101348877,-0.01617983271717094
2014-03-06,0.9989118576049805,0.00015531852841377258,0.0009328786982223392,0.9987565390765667
2014-03-12,0.0012536289868876338,0.0021186356898397207,0.9966276288032532,-0.0008650067029520869
2014-03-21,0.0005316550959832966,0.9980400204658508,0.001428266754373908,-0.9975083653698675
2014-04-02,5.121833964949474e-05,5.8658250054577366e-05,0.9998900890350342,-7.439910405082628e-06
2014-04-06,0.001148122944869101,0.0028385992627590895,0.9960132837295532,-0.0016904763178899884
2014-05-17,0.0005128883640281856,7.684470620006323e-05,0.9994102716445923,0.0004360436578281224
2014-07-01,0.000712913868483156,0.998309850692749,0.0009773244382813573,-0.9975969368242659
2014-07-13,0.0005324860103428364,0.9980539083480835,0.0014135940000414848,-0.9975214223377407
2014-07-29,0.000840410590171814,0.9983974099159241,0.000762143696192652,-0.9975569993257523
2014-08-07,0.0053872778080403805,0.4411052465438843,0.5535075068473816,-0.4357179687358439
2014-08-16,0.20471733808517456,0.0006739775999449193,0.7946087121963501,0.20404336048522964
2014-09-16,5.116309694130905e-05,6.692855095025152e-05,0.9998818635940552,-1.576545400894247e-05
2014-10-01,0.0001088712815544568,6.849192141089588e-05,0.9998226761817932,4.0379360143560916e-05
2014-10-12,0.0007014808361418545,0.9617087244987488,0.03758975490927696,-0.9610072436626069
2014-10-26,0.9995162487030029,0.0003603860968723893,0.00012335291830822825,0.9991558626061305
2014-10-30,6.278561340877786e-05,0.001301489770412445,0.9986357092857361,-0.0012387041570036672
2014-11-02,0.9202514290809631,0.000884424545802176,0.07886411249637604,0.919367004535161
2014-11-03,0.9891858696937561,0.00031411295640282333,0.010499990545213223,0.9888717567373533
2014-12-05,5.506042725755833e-05,6.314310303423554e-05,0.9998817443847656,-8.082675776677206e-06
2015-01-18,0.9947220087051392,0.0002279591717524454,0.005050080828368664,0.9944940495333867
2015-02-10,0.001077958382666111,0.0007866965606808662,0.9981353282928467,0.00029126182198524475
2015-02-18,7.518522761529312e-05,7.051523425616324e-05,0.9998542070388794,4.669993359129876e-06
2015-03-08,0.0015946784988045692,6.928063521627337e-05,0.998336136341095,0.0015253978635882959
2015-03-23,0.0006753432680852711,0.9951695799827576,0.004155000671744347,-0.9944942367146723
2015-03-25,0.0017478131921961904,0.9959980249404907,0.002254110062494874,-0.9942502117482945
2015-04-02,0.9946075081825256,0.004516168497502804,0.0008763148216530681,0.9900913396850228
2015-04-03,0.9993891716003418,0.0002613161923363805,0.00034948933171108365,0.9991278554080054
2015-04-05,5.9947942645521834e-05,5.685779979103245e-05,0.9998831748962402,3.090142854489386e-06
2015-04-07,6.0436257626861334e-05,7.573461334686726e-05,0.999863862991333,-1.529835572000593e-05
2015-04-10,0.0005686728982254863,0.9980079531669617,0.0014233571710065007,-0.9974392802687362
2015-04-30,5.444424823508598e-05,7.398318848572671e-05,0.9998714923858643,-1.9538940250640735e-05
2015-05-11,0.00035746791400015354,0.00015906881890259683,0.9994834661483765,0.0001983990950975567
2015-06-19,0.0011355278547853231,0.9877029061317444,0.011161638423800468,-0.9865673782769591
2015-06-23,5.3170610044617206e-05,6.403314910130575e-05,0.9998828172683716,-1.0862539056688547e-05
2015-07-09,0.0014415897167054936,0.4960738749578013,0.5024845460429788,-0.4946322852410958
2015-07-28,0.0006551171536557376,0.9969344139099121,0.0024104539770632982,-0.9962792967562564
2015-07-29,0.0003121124755125493,0.02319149300456047,0.9764963984489441,-0.02287938052904792
2015-08-06,5.769228664576076e-05,7.349262887146324e-05,0.9998687505722046,-1.580034222570248e-05
2015-08-07,0.0010333406971767545,0.4751668870449066,0.5237997174263,-0.47413354634772986
2015-08-17,0.22061006724834442,0.015422017313539982,0.7639678716659546,0.20518804993480444
2015-08-23,0.000864142959471792,0.993091344833374,0.006044561974704266,-0.9922272018739022
2015-08-25,0.999494194984436,0.00038050307193771005,0.00012533928384073079,0.9991136919124983
2015-09-15,0.0006627071416005492,0.9975875616073608,0.0017496462678536773,-0.9969248544657603
2015-09-21,0.9974598288536072,0.0011620703153312206,0.0013781196903437376,0.996297758538276
2015-10-06,5.955548112979159e-05,0.0005504025612026453,0.9993900060653687,-0.0004908470800728537
2015-10-07,6.657846097368747e-05,7.364379416685551e-05,0.9998596906661987,-7.065333193168044e-06
2015-10-09,5.50933436898049e-05,6.627917900914326e-05,0.9998786449432373,-1.1185835319338366e-05
2015-10-13,5.251882248558104e-05,0.00011836135672638193,0.9998290538787842,-6.584253424080089e-05
2015-10-18,0.0009830208728089929,0.9955484867095947,0.0034684932325035334,-0.9945654658367857
2015-11-03,0.08670569211244583,0.00030338819487951696,0.912990927696228,0.08640230391756631
2015-11-04,0.000555383856408298,0.9983880519866943,0.001056621316820383,-0.997832668130286
2015-11-17,4.707046173280105e-05,7.74413492763415e-05,0.9998754262924194,-3.0370887543540448e-05
2015-11-19,0.0004836528096348047,0.9974708557128906,0.0020455403719097376,-0.9969872029032558
2015-12-11,0.00041096238419413567,0.000173883541719988,0.9994152784347534,0.00023707884247414768
2015-12-22,0.9970778226852417,0.0022955872118473053,0.0006265565752983093,0.9947822354733944
2015-12-29,0.002912609837949276,0.00029778084717690945,0.9967896342277527,0.0026148289907723665
2015-12-30,0.0003024689794983715,7.228478352772072e-05,0.9996252059936523,0.00023018419597065076
2016-01-05,0.0015671399887651205,0.9751974940299988,0.023235401138663292,-0.9736303540412337
2016-01-21,0.027045898139476776,0.0008605944458395243,0.9720935225486755,0.026185303693637252
2016-02-17,4.837474989471957e-05,7.981545786606148e-05,0.9998717308044434,-3.144070797134191e-05
2016-02-22,0.01483464241027832,0.00019088599947281182,0.9849745035171509,0.014643756410805508
2016-02-24,8.101465937215835e-05,6.501744064735249e-05,0.9998539686203003,1.5997218724805862e-05
2016-03-18,0.9963441491127014,0.0005195016274228692,0.0031363065354526043,0.9958246474852785
2016-03-20,0.0021925715263932943,0.997164785861969,0.0006425870815292001,-0.9949722143355757
2016-03-30,4.9289239541394636e-05,0.0001089863944798708,0.9998416900634766,-5.969715493847616e-05
2016-04-24,0.011881576851010323,0.986054003238678,0.002064298838376999,-0.9741724263876677
2016-04-25,0.00023367343237623572,0.0032748456578701735,0.9964914917945862,-0.0030411722254939377
2016-05-04,0.5191780924797058,0.0016719665145501494,0.4791499376296997,0.5175061259651557
2016-05-10,5.180483276490122e-05,6.772480992367491e-05,0.9998804330825806,-1.591997715877369e-05
2016-06-12,0.0006198881310410798,0.9981997013092041,0.0011804148089140654,-0.997579813178163
2016-06-14,0.9992311000823975,0.0003117382584605366,0.0004571335157379508,0.9989193618239369
2016-07-14,0.9991874098777771,0.00018405930313747376,0.0006285424460656941,0.9990033505746396
2016-07-20,0.0007787104696035385,0.9939283132553101,0.005293011665344238,-0.9931496027857065
2016-08-03,0.9693840146064758,0.0004480137431528419,0.030167991295456886,0.968936000863323
2016-08-15,0.9954915642738342,0.0003690519370138645,0.004139448516070843,0.9951225123368204
2016-08-25,0.9836154580116272,0.00039016400114633143,0.015994418412446976,0.9832252940104809
2016-08-30,0.0008073502685874701,0.9905140399932861,0.008678683079779148,-0.9897066897246987
2016-09-08,0.0007524440297856927,0.970073401927948,0.029174059629440308,-0.9693209578981623
2016-10-03,0.9995891451835632,0.0003126637893728912,9.819524711929262e-05,0.9992764813941903
2016-10-10,6.155448500066996e-05,7.0803718699608e-05,0.9998676776885986,-9.249233698938042e-06
2016-10-12,0.03888504081987776,0.9575939774513245,0.0035209678462706506,-0.9187089366314467
2016-10-23,0.9994744658470154,0.0002596174890641123,0.0002658811572473496,0.9992148483579513
2016-10-24,7.243690197356045e-05,5.985892494209111e-05,0.9998676776885986,1.2577977031469345e-05
2016-10-29,0.9995860457420349,0.00021184493380133063,0.00020209529611747712,0.9993742008082336
2016-11-01,0.0008302533533424139,0.9985066056251526,0.0006630991701968014,-0.9976763522718102
2016-11-23,0.998771607875824,0.00025446119252592325,0.0009739602683112025,0.998517146683298
2017-01-13,0.00028703735551971477,0.01817641343586729,0.9815365970134735,-0.017889376080347574
2017-01-20,0.8669413924217224,0.0004793913976754993,0.13257920742034912,0.8664620010240469
2017-01-27,0.00020446816051844507,7.036748138489202e-05,0.9997251629829407,0.00013410067913355306
2017-02-03,0.9975691437721252,0.0003432049124967307,0.0020876771304756403,0.9972259388596285
2017-02-05,0.000644343497697264,0.9861240386962891,0.013231711462140083,-0.9854796951985918
2017-02-06,0.9995087385177612,0.00014880225353408605,0.0003424299939069897,0.9993599362642271
2017-02-14,5.212247560848482e-05,0.00023839037748984993,0.9997095465660095,-0.0001862679018813651
2017-03-02,0.9985361099243164,0.000175782639416866,0.0012881516013294458,0.9983603272848995
2017-03-04,0.9992491602897644,0.0001752997632138431,0.0005755457677878439,0.9990738605265506
2017-03-07,0.9984368681907654,0.0006545613869093359,0.0009086081408895552,0.997782306803856
2017-03-08,0.00011791070573963225,4.635946243070066e-05,0.999835729598999,7.155124330893159e-05
2017-03-10,0.021782398223876953,0.0001598592207301408,0.9780578017234802,0.021622539003146812
2017-03-16,5.214255361352116e-05,9.587645763531327e-05,0.9998519420623779,-4.3733904021792114e-05
2017-04-04,0.9996823072433472,0.0001568523730384186,0.00016086646064650267,0.9995254548703087
2017-04-05,6.651596049778163e-05,7.15885398676619e-05,0.9998618364334106,-5.072579369880259e-06
2017-04-09,0.0001123117544921115,8.465584687655792e-05,0.9998031258583069,2.7655907615553588e-05
2017-04-13,0.9994342923164368,0.0002738331095315516,0.00029188129701651633,0.9991604592069052
2017-05-11,0.9995751976966858,0.00023145991144701838,0.00019328690541442484,0.9993437377852388
2017-05-15,0.9994729161262512,0.00024566109641455114,0.0002814120671246201,0.9992272550298367
2017-05-23,0.00016820385644678026,8.696690201759338e-05,0.9997448325157166,8.123695442918688e-05
2017-06-09,0.0009698228677734733,0.00013092620065435767,0.9988993406295776,0.0008388966671191156
2017-06-28,0.9901256561279297,0.00921117514371872,0.0006631828146055341,0.980914480984211
2017-07-12,0.999336302280426,0.00023899049847386777,0.00042470029438845813,0.9990973117819522
2017-07-19,4.519008143688552e-05,6.347215094137937e-05,0.9998912811279297,-1.8282069504493847e-05
2017-07-29,0.015525547787547112,0.9836077094078064,0.0008667926886118948,-0.9680821616202593
2017-08-05,0.9977332353591919,0.000300502753816545,0.0019661947153508663,0.9974327326053753
2017-08-14,0.000712926936103031,0.9891219139099121,0.010165133629925549,-0.9884089869738091
2017-08-15,0.5089929103851318,0.0008860263042151928,0.4901210367679596,0.5081068840809166
2017-08-22,0.29494814784266055,0.6854756623506546,0.019576208665966988,-0.39052751450799406
2017-08-29,0.0005066444864496589,0.0008267916855402291,0.998666524887085,-0.0003201471990905702
2017-08-31,5.334407978807576e-05,7.581253885291517e-05,0.999870777130127,-2.2468459064839408e-05
2017-09-02,0.0007459671469405293,0.9873247146606445,0.011929301545023918,-0.986578747513704
2017-09-05,0.0010820289608091116,0.996925413608551,0.0019925711676478386,-0.9958433846477419
2017-09-12,0.0005770573625341058,0.9940271377563477,0.005395715124905109,-0.9934500803938136
2017-09-26,0.0007528303540311754,0.9903241395950317,0.008923033252358437,-0.9895713092410006
2017-09-27,0.00010865279182326049,5.468524614116177e-05,0.9998365640640259,5.3967545682098716e-05
2017-10-15,0.0010170917958021164,0.9778008460998535,0.021182090044021606,-0.9767837543040514
2017-10-16,0.0007167782750912011,0.9987597465515137,0.0005235018325038254,-0.9980429682764225
2017-10-19,0.00011366419494152069,0.00013151105667930096,0.9997548460960388,-1.7846861737780273e-05
2017-10-20,8.304158836835995e-05,8.111190254567191e-05,0.999835729598999,1.929685822688043e-06
2017-10-27,0.004837593529373407,0.00012252372107468545,0.9950398802757263,0.004715069808298722
2017-11-01,0.9996590614318848,0.00019161489035468549,0.00014932421618141234,0.9994674465415301
2017-11-08,5.9460715419845656e-05,8.695786527823657e-05,0.9998534917831421,-2.7497149858390912e-05
2017-11-17,0.0010544463293626904,0.7270488142967224,0.27189671993255615,-0.7259943679673597
2017-11-23,0.9964531660079956,0.000924147549085319,0.002622717758640647,0.9955290184589103
2017-11-30,0.0009501745225861669,0.9648143947124481,0.034235432802233845,-0.963864220189862
2017-12-01,0.0017269660020247102,0.48440417647361755,0.5138688087463379,-0.48267721047159284
2017-12-02,0.0005951811908744276,0.0009023311431519687,0.9985024929046631,-0.00030714995227754116
2017-12-03,0.00019752529624383897,6.935920100659132e-05,0.9997331500053406,0.00012816609523724765
2017-12-06,0.3784443976182956,0.5000621402869001,0.12149347655940801,-0.12161774266860448
2017-12-07,0.5001376693544444,0.4964119589276379,0.0034503903589211404,0.0037257104268064722
2017-12-11,0.0007632705383002758,0.9978645443916321,0.0013722246512770653,-0.9971012738533318
2017-12-27,0.9994657635688782,0.0003514497075229883,0.0001827729429351166,0.9991143138613552
2018-01-01,0.0005660720635205507,0.9959866404533386,0.0034472609404474497,-0.9954205683898181
2018-01-03,0.5946902632713318,0.0012087252689525485,0.4041009843349457,0.5934815380023792
2018-01-15,0.9987223744392395,0.0005396514316089451,0.0007379587041214108,0.9981827230076306
2018-01-16,0.0007529936265200377,0.9974532723426819,0.0017936488147825003,-0.9967002787161618
2018-01-19,5.675674765370786e-05,7.595086208311841e-05,0.99986732006073,-1.9194114429410547e-05
2018-01-22,0.00023091575712896883,8.530319610144943e-05,0.9996837377548218,0.0001456125610275194
2018-02-05,0.0005244355998001993,8.916437946027145e-05,0.9993864297866821,0.0004352712203399278
2018-02-13,6.576773012056947e-05,6.686391134280711e-05,0.99986732006073,-1.0961812222376466e-06
2018-02-18,0.9992595314979553,0.0003133405698463321,0.00042715671588666737,0.998946190928109
2018-02-23,0.9995406866073608,0.00024930754443630576,0.00021003434085287154,0.9992913790629245
2018-02-25,0.9653631448745728,0.000911390467081219,0.03372541442513466,0.9644517544074915
2018-02-27,0.7998736500740051,0.0010855267755687237,0.19904078543186188,0.7987881232984364
2018-04-05,0.9985861778259277,0.00028634932823479176,0.0011274551507085562,0.9982998284976929
2018-04-12,0.00010963124077534303,0.0005110357305966318,0.9993792772293091,-0.00040140448982128873
2018-04-18,4.936823097523302e-05,8.217229333240539e-05,0.9998685121536255,-3.280406235717237e-05
2018-04-28,0.029163405299186707,0.00021274211758282036,0.9706237316131592,0.028950663181603886
2018-04-30,4.858718239120208e-05,6.574502913281322e-05,0.9998855590820312,-1.7157846741611138e-05
2018-05-03,0.0004453993169590831,0.22322970628738403,0.7763248682022095,-0.22278430697042495
2018-05-08,0.0003496408462524414,0.001019934075884521,0.9986304044723511,-0.0006702932296320796
2018-05-18,0.99958735704422,0.00023577798856422305,0.0001769140362739563,0.9993515790556557
2018-05-29,0.4997271761749289,0.00021114288392709568,0.5000616369652562,0.4995160332910018
2018-06-13,0.023535883003205527,0.0001519126999482978,0.9763122200965881,0.02338397030325723
2018-06-14,0.0014653439866378903,0.9978466033935547,0.000688059430103749,-0.9963812594069168
2018-06-20,0.00012106381473131478,5.341990981833078e-05,0.9998255372047424,6.7643904912984e-05
2018-06-23,0.002592974342405796,0.9966679215431213,0.0007391445687972009,-0.9940749472007155
2018-06-28,0.9964591860771179,0.0003473011893220246,0.0031934515573084354,0.9961118848877959
2018-07-13,0.0008343806257471442,0.0003703143447637558,0.9987952709197998,0.0004640662809833884
2018-07-23,0.005258777178823948,0.9941675662994385,0.0005735679296776652,-0.9889087891206145
2018-07-24,0.9996776580810547,0.0001994195336010307,0.00012294026964809746,0.9994782385474537
2018-07-30,6.143104837974533e-05,6.877360283397138e-05,0.9998698234558105,-7.342554454226047e-06
2018-07-31,0.0027580838795984164,0.3388594063708297,0.6583824753761292,-0.33610132249123126
2018-08-10,0.0005771220894530416,0.9953994154930115,0.004023449495434761,-0.9948222934035584
2018-08-27,0.0009616752504371107,0.9032703638076782,0.09576797485351562,-0.9023086885572411
2018-08-29,0.0008525386219844222,0.9974095225334167,0.001737996470183134,-0.9965569839114323
2018-08-30,0.5163925532251596,0.0002580674772616476,0.4833494031263399,0.516134485747898
2018-09-13,0.0007553345640189946,0.9986523985862732,0.0005922664422541857,-0.9978970640222542
2018-09-14,0.00012621961650438607,0.000553008692804724,0.9993207454681396,-0.0004267890763003379
2018-09-15,5.4397987696575e-05,8.491649350617081e-05,0.9998607635498047,-3.051850580959581e-05
2018-09-20,6.25932589173317e-05,0.00021966779604554176,0.9997177720069885,-0.00015707453712821007
2018-09-24,0.0007542074308730662,0.9930243492126465,0.0062213948694989085,-0.9922701417817734
2018-09-25,0.000589292059885338,0.6432032734155655,0.3562074382789433,-0.6426139813556802
2018-10-12,5.064639844931662e-05,7.258526602527127e-05,0.9998767375946045,-2.1938867575954646e-05
2018-10-15,0.4930173174943775,0.007414316758513451,0.4995683887973428,0.48560300073586404
2018-10-18,0.9993879795074463,0.0003992743440903723,0.0002127135085174814,0.9989887051633559
2018-10-21,0.5000360619451385,0.4895328868442448,0.010430995869683102,0.010503175100893714
2018-10-31,0.0015144761418923736,0.9699679613113403,0.02851754054427147,-0.968453485169448
2018-11-02,4.93963852932211e-05,7.470142736565322e-05,0.9998759031295776,-2.5305042072432116e-05
2018-11-17,0.9982151985168457,0.00037635021726600826,0.00140853610355407,0.9978388482995797
2018-11-20,0.00025001223548315465,7.618372183060274e-05,0.9996738433837891,0.00017382851365255192
2018-11-26,0.32856228947639465,0.0008298922912217677,0.67060786485672,0.3277323971851729
2018-11-27,0.9994534850120544,0.00030113718821667135,0.00024532878887839615,0.9991523478238378
2018-11-29,6.234078318811953e-05,6.448109343182296e-05,0.999873161315918,-2.140310243703425e-06
2018-12-01,0.0005246244254522026,0.9969808459281921,0.002494537504389882,-0.9964562215027399
2018-12-05,0.001096774241887033,0.00998312421143055,0.9889201521873474,-0.008886349969543517
2018-12-12,0.0006604372174479067,0.9939154982566833,0.005424050614237785,-0.9932550610392354
2018-12-22,0.00047350756358355284,0.040935877710580826,0.958590567111969,-0.04046237014699727
2019-01-02,5.112796134199016e-05,6.822274735895917e-05,0.9998806715011597,-1.709478601696901e-05
2019-01-18,0.9370564222335815,0.0005369185237213969,0.06240668520331383,0.9365195037098601
2019-01-26,5.237645382294431e-05,0.00034391405642963946,0.9996036887168884,-0.00029153760260669515
2019-02-07,0.0008358704508282244,0.9975351095199585,0.0016290323110297322,-0.9966992390691303
2019-02-12,0.21586531400680542,0.0003288119623903185,0.7838059067726135,0.2155365020444151
2019-02-20,0.00047000353697512764,0.4992547082620149,0.5002752609725576,-0.4987847047250398
2019-02-22,9.499886800767854e-05,9.017991396831349e-05,0.9998148083686829,4.818954039365053e-06
2019-03-04,0.001140733016654849,0.9168605208396912,0.08199877291917801,-0.9157197878230363
2019-03-18,0.8500897884368896,0.0007167808362282813,0.14919345080852509,0.8493730076006614
2019-03-26,0.0006181063363328576,0.9906683564186096,0.008713595569133759,-0.9900502500822768
2019-03-30,4.606104994309135e-05,6.32176743238233e-05,0.9998908042907715,-1.7156624380731955e-05
2019-04-03,0.00711183762177825,0.9922267198562622,0.000661444675642997,-0.985114882234484
2019-04-10,0.08425606042146683,0.9149792194366455,0.0007647004094906151,-0.8307231590151787
2019-04-15,0.00043509178794920444,0.9984109401702881,0.0011538717662915587,-0.9979758483823389
2019-04-20,0.0007103062816895545,0.9746169447898865,0.024672692641615868,-0.9739066385081969
2019-05-03,0.0001347457291558385,0.00010190443572355434,0.9997633099555969,3.2841293432284147e-05
2019-05-08,0.9995638728141785,0.00016563750978093594,0.00027043590671382844,0.9993982353043975
2019-05-11,0.0015570411924272776,0.9965248703956604,0.0019180345116183162,-0.9949678292032331
2019-05-13,0.0014848829014226794,0.9962661862373352,0.002248878823593259,-0.9947813033359125
2019-05-15,0.14214514195919037,0.0032534196507185698,0.8546014428138733,0.1388917223084718
2019-05-28,3.937905785278417e-05,8.147710468620062e-05,0.9998791217803955,-4.209804683341645e-05
2019-05-29,0.9994351267814636,0.0001654665102250874,0.00039936930988915265,0.9992696602712385
2019-06-03,0.001245564897544682,0.9965950846672058,0.0021593766286969185,-0.9953495197696611
2019-06-13,0.0007030955166555941,0.9980159997940063,0.0012808887986466289,-0.9973129042773508
2019-06-20,8.262963820016012e-05,9.569112444296479e-05,0.9998217225074768,-1.3061486242804676e-05
2019-06-22,4.763933611684479e-05,6.664035026915371e-05,0.9998856782913208,-1.9001014152308926e-05
2019-06-26,0.4998191515915096,0.49623394262744114,0.003946915559936315,0.0035852089640684426
2019-07-08,0.0013213364873081446,0.5475471615791321,0.45113155245780945,-0.5462258250918239
2019-07-10,0.9727359414100647,0.00048541612341068685,0.02677861414849758,0.972250525286654
2019-07-22,4.920862011204008e-05,7.574733172077686e-05,0.999875009059906,-2.6538711608736776e-05
2019-07-24,0.7398656904697418,0.004134856731980108,0.25599947839509696,0.7357308337377617
2019-07-26,5.8904151956085116e-05,6.1013171944068745e-05,0.9998800754547119,-2.109019987983629e-06
2019-07-27,4.049891504109837e-05,7.252277282532305e-05,0.9998869895935059,-3.2023857784224674e-05
2019-08-11,0.08563367017025787,0.000522386971473073,0.9138439297676086,0.0851112831987848
2019-08-12,0.9996486902236938,0.00020526994194369763,0.00014608915080316365,0.9994434202817502
2019-08-13,5.2885428885929286e-05,6.446259067161009e-05,0.9998825788497925,-1.15771617856808e-05
2019-09-09,0.9996839761734009,0.00017625831242185086,0.0001397923770127818,0.999507717860979
2019-09-10,0.007414917461574078,0.00013227546878624707,0.9924528002738953,0.0072826419927878305
2019-09-19,0.0003759701418554566,0.665702544603846,0.3339214681764133,-0.6653265744619906
2019-09-20,0.0015641815261915326,0.9965161085128784,0.001919702161103487,-0.9949519269866869
2019-10-01,5.281659832689911e-05,8.145006722770631e-05,0.9998657703399658,-2.8633468900807202e-05
2019-10-14,5.0134836783399805e-05,7.034117879811674e-05,0.9998794794082642,-2.0206342014716938e-05
2019-10-17,3.7179219361860305e-05,8.120642451103777e-05,0.9998816251754761,-4.402720514917746e-05
2019-10-24,0.0005175168480491266,0.4950521852588281,0.5044302251189947,-0.494534668410779
2019-11-05,0.0007114402251318097,0.9982414543628693,0.0010470972047187388,-0.9975300141377375
2019-11-19,0.00010393740740255453,6.750003012712114e-05,0.9998285472393036,3.643737727543339e-05
2019-11-28,0.0007228118483908474,0.9968233108520508,0.002453829627484083,-0.9961004990036599
2019-12-04,0.0005092230276204646,0.9963008165359497,0.003189898794516921,-0.9957915935083292
2019-12-10,5.983790833852254e-05,6.311535253189504e-05,0.9998769760131836,-3.277444193372503e-06
2019-12-11,0.9994908571243286,0.00022496737074106932,0.00028412597021088004,0.9992658897535875
2019-12-13,0.00013912183931097388,0.004281079396605492,0.9955797791481018,-0.004141957557294518
2019-12-19,0.0009571475675329566,0.9819116592407227,0.017131131142377853,-0.9809545116731897
2019-12-28,4.61553136119619e-05,6.53487877571024e-05,0.99988853931427,-1.91934741451405e-05
2020-01-02,0.0004742904275190085,0.9983920454978943,0.0011336468160152435,-0.9979177550703753
2020-01-03,0.003070349106565118,0.0001896247995318845,0.9967400431632996,0.0028807243070332333
2020-01-04,0.00041905688703991473,0.997501790523529,0.002079206984490156,-0.9970827336364891
2020-01-06,0.99638232588768,0.000251272227615118,0.003366377917700447,0.9961310536600649
2020-01-11,0.0012162175262346864,0.9977374076843262,0.0010463380021974444,-0.9965211901580915
2020-01-15,7.950143481139094e-05,6.559352914337069e-05,0.9998549222946167,1.3907905668020248e-05
2020-01-19,0.0004382827610243112,0.998473584651947,0.001088190358132124,-0.9980353018909227
2020-02-19,0.0005233188276179135,0.9939237236976624,0.005552954506129026,-0.9934004048700444
2020-02-24,0.9995423555374146,0.00021820311667397618,0.00023946234432514757,0.9993241524207406
2020-03-03,0.031603842973709106,0.00035087650758214295,0.9680452942848206,0.031252966466126963
2020-03-11,0.0004084803513251245,0.00010119973740074784,0.9994903802871704,0.00030728061392437667
2020-03-25,0.9995738863945007,0.00019555256585590541,0.00023058211081661284,0.9993783338286448
2020-03-27,4.50212974101305e-05,6.328721065074205e-05,0.9998916387557983,-1.8265913240611553e-05
2020-04-01,7.299715070985258e-05,7.67009551054798e-05,0.9998502731323242,-3.7038043956272304e-06
2020-04-10,0.0008373394957743585,0.5191512107849121,0.4800114929676056,-0.5183138712891378
2020-04-14,0.0007219436811283231,0.9969881176948547,0.0022900630719959736,-0.9962661740137264
2020-04-17,0.9992672801017761,0.0002608660433907062,0.00047183065908029675,0.9990064140583854
2020-04-30,0.5001644215080887,0.4910556296017603,0.008780005751759745,0.009108791906328406
2020-05-06,0.000484422140289098,0.996441662311554,0.003073868341743946,-0.9959572401712649
2020-05-13,0.4898341052048636,0.0003918589682143647,0.5097739910706878,0.4894422462366492
2020-05-14,5.899342068005353e-05,6.865968316560611e-05,0.9998723268508911,-9.66626248555258e-06
2020-05-24,0.001827987260185182,0.00035178731195628643,0.997820258140564,0.0014761999482288957
2020-05-26,6.125591607997194e-05,7.916949834907427e-05,0.9998595714569092,-1.7913582269102335e-05
2020-05-28,0.0008059809915721416,0.9722579717636108,0.026936037465929985,-0.9714519907720387
2020-05-31,0.0005633643013425171,0.9974712133407593,0.0019653700292110443,-0.9969078490394168
2020-06-02,0.9979850053787231,0.0017732946434989572,0.0002416751376586035,0.9962117107352242
2020-06-10,0.9993340373039246,0.00021923215535935014,0.0004467299149837345,0.9991148051485652
2020-06-11,0.0001841259654611349,0.0017582554137334228,0.9980575442314148,-0.0015741294482722878
2020-06-15,0.19526289403438568,0.7771265506744385,0.027610566467046738,-0.5818636566400528
2020-06-17,0.0008647621725685894,0.9975941777229309,0.001540975528769195,-0.9967294155503623
2020-07-01,0.21986912429565564,0.7264777570962906,0.05365312669891864,-0.506608632800635
2020-07-06,0.0001083628085325472,0.00014789194392506033,0.9997437596321106,-3.9529135392513126e-05
2020-07-15,0.0004650898918043822,0.9978031516075134,0.001731737982481718,-0.997338061715709
2020-07-26,0.0008071852498687804,0.9977226853370667,0.0014701272593811154,-0.9969155000871979
2020-08-04,0.0009799660183489323,0.980663001537323,0.01835694909095764,-0.9796830355189741
2020-08-07,0.00110333738848567,0.981040894985199,0.017855769023299217,-0.9799375575967133
2020-08-08,8.438101212959737e-05,6.93608308210969e-05,0.9998462200164795,1.5020181308500469e-05
2020-08-12,0.9996238946914673,0.00018857873510569334,0.00018748955335468054,0.9994353159563616
2020-08-23,0.999535083770752,0.00016738516569603235,0.00029759094468317926,0.9993676986050559
2020-08-25,0.0012063364265486598,0.8233144283294678,0.17547929286956787,-0.8221080919029191
2020-09-07,0.0007615148206241429,0.9717364311218262,0.027502043172717094,-0.970974916301202
2020-09-09,0.0005531792703550309,0.5011348819825798,0.49831188831012696,-0.5005817027122248
2020-09-11,0.0021410819608718157,0.9234362840652466,0.07442263513803482,-0.9212952021043748
2020-10-03,0.0004359552694950253,0.9981890320777893,0.0013749519130215049,-0.9977530768082943
2020-10-20,6.751917680958286e-05,0.004092241637408733,0.9958401918411255,-0.0040247224605991505
2020-10-21,0.9688007235527039,0.00037708404124714434,0.030822182074189186,0.9684236395114567
2020-10-26,0.9967633485794067,0.00022387639910448343,0.003012764500454068,0.9965394721803023
2020-10-28,5.391856757341884e-05,7.332490349654108e-05,0.9998728036880493,-1.9406335923122242e-05
2020-10-31,0.002083508763462305,0.9966309666633606,0.0012855095556005836,-0.9945474578998983
2020-11-04,8.72455129865557e-05,7.180982356658205e-05,0.9998409748077393,1.543568941997364e-05
2020-11-05,5.918647730140947e-05,6.850845966255292e-05,0.9998722076416016,-9.321982361143455e-06
2020-11-06,5.1997878472320735e-05,6.742360710632056e-05,0.9998805522918701,-1.5425728633999825e-05
2020-11-09,0.0005399028304964304,0.9983446598052979,0.0011153675150126219,-0.9978047569748014
2020-11-10,0.9993311166763306,0.0004855605075135827,0.00018332332547288388,0.998845556168817
2020-11-16,0.31609504475879174,0.497221060252438,0.1866838919619719,-0.18112601549364626
2020-11-26,0.0005959860282018781,0.9975097179412842,0.0018942165188491344,-0.9969137319130823
2020-12-04,0.0006211472791619599,0.9977235198020935,0.0016553424065932631,-0.9971023725229315
2020-12-21,0.12111065536737442,0.0004006628005299717,0.8784887194633484,0.12070999256684445
2020-12-23,0.9981538653373718,0.00033383113623131067,0.001512241520686075,0.9978200342011405
2020-12-28,5.693613275070675e-05,7.535026088589802e-05,0.9998676776885986,-1.8414128135191277e-05
2020-12-29,0.0009961799951270223,0.9953501224517822,0.0036535870749503374,-0.9943539424566552
2021-01-03,0.000503005285281688,0.9986245632171631,0.000872436910867691,-0.9981215579318814
2021-01-04,0.9381381273269653,0.05905193090438843,0.002809921745210886,0.8790861964225769
2021-01-20,6.421464058803394e-05,6.843158189440146e-05,0.99986732006073,-4.2169413063675165e-06
2021-01-31,5.4697540690540336e-05,7.364239172602538e-05,0.9998716413974762,-1.8944851035485044e-05
2021-02-01,5.513593350769952e-05,6.979199679335579e-05,0.9998749494552612,-1.4656063285656273e-05
2021-02-03,0.9997009038925171,0.0002017270162468776,9.738446533447132e-05,0.9994991768762702
2021-02-04,0.000493507890496403,0.9985275268554688,0.0009789509931579232,-0.9980340189649723
2021-02-06,0.005471767857670784,0.00011387650738470256,0.9944143295288086,0.005357891350286081
2021-02-09,0.6944155693054199,0.0015764833660796285,0.30400794744491577,0.6928390859393403
2021-02-15,4.9387472245143726e-05,6.342154665617272e-05,0.999887228012085,-1.4034074411028996e-05
2021-02-18,0.768498957157135,0.0009524914785288274,0.23054854571819305,0.7675464656786062
2021-02-24,0.0008355050231330097,0.9960744380950928,0.003090148326009512,-0.9952389330719598
2021-03-04,0.00017826845578383654,6.443660822696984e-05,0.9997572302818298,0.0001138318475568667
2021-03-12,8.1456164480187e-05,4.947237539454363e-05,0.9998691082000732,3.1983789085643366e-05
2021-03-21,5.056386726209894e-05,7.192526391008869e-05,0.9998775720596313,-2.136139664798975e-05
2021-03-24,0.9994858503341675,0.0001718131679808721,0.0003423129383008927,0.9993140371661866
2021-04-04,0.00024247234978247434,9.090581443160772e-05,0.9996665716171265,0.00015156653535086662
2021-04-05,0.8438628911972046,0.001000343938358128,0.15513673424720764,0.8428625472588465
2021-04-14,0.0874711200594902,0.0004707253829110414,0.9120582342147827,0.08700039467657916
2021-04-20,0.5898965001106262,0.4086170319933444,0.0014864800032228231,0.1812794681172818
2021-05-05,5.93261793255806e-05,7.402305345749483e-05,0.9998666048049927,-1.4696874131914228e-05
2021-05-12,0.9979605674743652,0.00023891312594059855,0.0018005815800279379,0.9977216543484246
2021-05-14,0.0013622352853417397,0.0702425092458725,0.9283952116966248,-0.06888027396053076
2021-05-26,0.9995288848876953,0.0002319452614756301,0.00023919664090499282,0.9992969396262197
2021-05-31,0.0008587817428633571,0.501112699508667,0.4980284869670868,-0.5002539177658036
2021-06-03,0.0007392188999801874,0.4871906638145447,0.5120700597763062,-0.4864514449145645
2021-06-05,0.0016533699817955494,0.9688959121704102,0.029450641945004463,-0.9672425421886146
2021-06-17,0.5001185771834571,0.4962296447411063,0.0036518002743832767,0.0038889324423507787
2021-06-22,7.541076774941757e-05,0.00015830738993827254,0.9997662901878357,-8.289662218885496e-05
2021-06-24,0.0017644773470237851,0.23646049201488495,0.761775016784668,-0.23469601466786116
2021-06-28,0.00015137821901589632,7.121479575289413e-05,0.9997773766517639,8.016342326300219e-05
2021-06-29,0.9992746710777283,0.0002795223845168948,0.00044581538531929255,0.9989951486932114
2021-07-05,0.8980504274368286,0.0009126376826316118,0.1010369062423706,0.897137789754197
2021-07-13,0.5000738833914511,0.4981750363658648,0.0017510752004454844,0.0018988470255862921
2021-07-16,0.07763953506946564,0.0005393648752942681,0.921821117401123,0.07710017019417137
2021-07-20,5.027235238230787e-05,7.674725929973647e-05,0.9998729228973389,-2.6474906917428598e-05
2021-07-31,0.9783222079277039,0.0007624722202308476,0.020915372297167778,0.977559735707473
2021-08-04,0.9988346695899963,0.00025192034081555903,0.0009134702850133181,0.9985827492491808
2021-08-05,4.592247205437161e-05,6.665616820100695e-05,0.9998874664306641,-2.073369614663534e-05
2021-08-09,0.9991230368614197,0.00047961738891899586,0.0003973146958742291,0.9986434194725007
2021-08-13,0.0006577448220923543,0.9968616962432861,0.0024805283173918724,-0.9962039514211938
2021-08-26,0.9993674159049988,0.0004400526231620461,0.00019255482766311616,0.9989273632818367
2021-09-01,0.00010808320075739175,6.812172796344385e-05,0.9998237490653992,3.9961472793947905e-05
2021-09-11,0.9996998310089111,0.00018151990661863238,0.0001187071975436993,0.9995183111022925
2021-09-13,0.00048499752301722765,0.9984409213066101,0.001074106083251536,-0.9979559237835929
2021-09-19,0.9995150566101074,0.00023746956139802933,0.0002474998473189771,0.9992775870487094
2021-09-24,0.0031762884464114904,0.9954754710197449,0.0013482061913236976,-0.9922991825733334
2021-09-26,0.0008515601512044668,0.9960007071495056,0.0031476900912821293,-0.9951491469983011
2021-09-27,0.40379645861685276,0.5803318619728088,0.015871722251176834,-0.17653540335595608
2021-09-29,7.358404945989605e-05,6.502528594864998e-05,0.9998613595962524,8.55876351124607e-06
2021-10-05,0.33540632637838524,0.6636556200877143,0.0009380407670202354,-0.32824929370932904
2021-10-06,0.4700582303921692,0.5286628734320402,0.0012788611056748778,-0.05860464303987101
2021-10-08,0.5095504149794579,0.4891370829209336,0.0013125371770001948,0.020413332058524247
2021-10-10,0.10005807131528854,0.8992202281951904,0.0007216525264084339,-0.7991621568799019
2021-10-11,0.9993539452552795,0.0003947812074329704,0.0002513125364203006,0.9989591640478466
2021-10-12,0.33420037978794426,0.665125372518863,0.000674275962713485,-0.3309249927309187
2021-10-15,0.9662797451019287,0.0013692884240299463,0.03235090151429176,0.9649104566778988
2021-10-29,0.001927667879499495,0.9971739053726196,0.0008984275045804679,-0.9952462374931201
2021-11-01,0.998620867729187,0.0002451739856041968,0.0011339655611664057,0.9983756937435828
2021-11-04,5.225240238360129e-05,6.323499110294506e-05,0.9998844861984253,-1.0982588719343767e-05
2021-11-10,0.49958739098656224,0.00027006229720427655,0.5001425685768481,0.49931732868935796
2021-11-15,0.0007563615217804909,0.9978905320167542,0.0013531368458643556,-0.9971341704949737
2021-11-17,0.0015131866093724966,0.9960951209068298,0.002391754649579525,-0.9945819342974573
2021-11-21,6.606763054151088e-05,7.927352999104187e-05,0.9998546838760376,-1.3205899449530989e-05
2021-11-22,7.511922012781724e-05,5.539577978197485e-05,0.9998694658279419,1.972344034584239e-05
2021-12-02,0.0006547656957991421,0.992701530456543,0.006643636617809534,-0.9920467647607438
2021-12-05,0.0007593489135615528,0.9976938366889954,0.0015467017656192183,-0.9969344877754338
2021-12-07,6.9124398578424e-05,6.587975076399744e-05,0.999864935874939,3.244647814426571e-06
2021-12-09,5.907588638365269e-05,7.532258314313367e-05,0.9998655319213867,-1.6246696759480983e-05
2021-12-11,0.0007441852358169854,0.9986503720283508,0.0006054414552636445,-0.9979061867925338
2021-12-13,0.00093829445540905,0.9981318116188049,0.0009298673830926418,-0.9971935171633959
2021-12-14,5.1033995987381786e-05,6.624191155424342e-05,0.999882698059082,-1.520791556686163e-05
2021-12-19,0.0016042737988755107,0.9908772110939026,0.007518409285694361,-0.9892729372950271
2021-12-29,0.004892522003501654,0.9940212368965149,0.0010862668277695775,-0.9891287148930132
2022-01-03,0.9994882345199585,0.00025055103469640017,0.0002612160169519484,0.9992376834852621
2022-01-04,0.9995248317718506,0.00023320324544329196,0.00024200553889386356,0.9992916285264073
2022-01-07,0.9995681643486023,0.0002123267768183723,0.00021946386550553143,0.9993558375717839
2022-01-11,0.0009397780522704124,0.9956140518188477,0.003446143353357911,-0.9946742737665772
2022-01-13,4.34077883255668e-05,6.933086842764169e-05,0.999887228012085,-2.592308010207489e-05
2022-01-17,0.0018549684318713844,0.9908795058727264,0.00726556358858943,-0.9890245374408551
2022-01-20,0.004468309227377176,0.9935969114303589,0.0019348172936588526,-0.9891286022029817
2022-01-31,4.518672722042538e-05,6.712646427331492e-05,0.9998877048492432,-2.193973705288954e-05
2022-02-01,0.000260124885244295,8.020717359613627e-05,0.9996596574783325,0.00017991771164815873
2022-02-02,0.9994468092918396,0.000297563528874889,0.00025564030511304736,0.9991492457629647
2022-02-03,0.011035501025617123,0.9876799583435059,0.0012845711316913366,-0.9766444573178887
2022-02-07,0.9996401071548462,0.00019291859643999487,0.00016693517682142556,0.9994471885584062
2022-02-15,0.9996868371963501,0.0001915226603159681,0.00012161517224740237,0.9994953145360341
2022-02-16,0.9990068078041077,0.0002764706441666931,0.00071668660530122,0.998730337159941
2022-02-23,0.9996505975723267,0.00023423254606314003,0.00011521796113811433,0.9994163650262635
2022-02-28,0.00039937608016771264,0.49877718834613916,0.5008234297274612,-0.49837781226597144
2022-03-02,0.06735178828239441,0.0005071397754363716,0.9321410655975342,0.06684464850695804
2022-03-07,0.07502034306526184,0.9236981272697449,0.0012814525980502367,-0.848677784204483
2022-03-15,0.9994605183601379,0.00021135967108421028,0.00032817202736623585,0.9992491586890537
2022-03-16,0.5680742263793945,0.0009712229366414249,0.43095454573631287,0.5671030034427531
2022-03-20,0.9134658575057983,0.0005506418528966606,0.0859835222363472,0.9129152156529017
2022-03-24,0.26678768327110447,0.49224595120176673,0.240966378711164,-0.22545826793066226
2022-03-25,0.006374408956617117,0.5487743020057678,0.4448513090610504,-0.5423998930491507
2022-03-27,0.005609871819615364,0.986605703830719,0.007784384302794933,-0.9809958320111036
2022-04-04,0.4997099448228255,0.49967145966365933,0.000618578284047544,3.8485159166157246e-05
2022-04-05,0.007530705537647009,0.9913427829742432,0.00112646515481174,-0.9838120774365962
2022-04-08,0.9981829524040222,0.00021390024630818516,0.0016031538834795356,0.997969052157714
2022-04-09,0.0014204002218320966,0.9965180158615112,0.0020615863613784313,-0.9950976156396791
2022-04-19,0.0008293439750559628,0.9977039694786072,0.0014667436480522156,-0.9968746255035512
2022-04-20,0.0009650734718888998,0.023952815681695938,0.9750819802284241,-0.02298774220980704
2022-04-27,0.09415821731090546,0.9034900665283203,0.002351735020056367,-0.8093318492174149
2022-04-29,0.5001044157834258,0.49882095513748936,0.0010746571206254885,0.0012834606459364295
2022-05-17,0.9995511174201965,0.00021899786952417344,0.0002298520994372666,0.9993321195506724
2022-05-19,0.2802913784980774,0.7020931243896484,0.017615530639886856,-0.42180174589157104
2022-05-22,0.3745180666446686,0.0008450010209344327,0.6246369481086731,0.37367306562373415
2022-05-24,0.9994615912437439,0.00021744224068243057,0.00032102555269375443,0.9992441490030615
2022-05-25,0.00034210950252600014,0.06030227616429329,0.9393556118011475,-0.05996016666176729
2022-05-27,0.0012415037490427494,0.9975329637527466,0.001225505257025361,-0.9962914600037038
2022-05-30,0.0011303203646093607,0.994522213935852,0.0043474105186760426,-0.9933918935712427
2022-05-31,0.5246716141700745,0.0006587508250959218,0.47466960549354553,0.5240128633449785
2022-06-02,0.27097898721694946,0.3169081509113312,0.412112832069397,-0.045929163694381714
2022-06-03,0.9995724558830261,0.00025549621204845607,0.00017208945064339787,0.9993169596709777
2022-06-04,6.628016126342118e-05,7.077982445480302e-05,0.9998629093170166,-4.499663191381842e-06
2022-06-06,0.0005884969723410904,0.809258759021759,0.19015279412269592,-0.8086702620494179
2022-06-08,0.9986827969551086,0.0001852536661317572,0.0011319094337522984,0.9984975432889769
2022-06-09,0.006372370757162571,0.00017772657156456262,0.993449866771698,0.006194644185598008
2022-06-11,0.9996860027313232,0.00021396200463641435,0.00010011111589847133,0.9994720407266868
2022-06-18,0.0021062451414763927,0.797595739364624,0.2002980262041092,-0.7954894942231476
2022-06-23,0.0005349916173145175,0.9955646991729736,0.003900278825312853,-0.9950297075556591
2022-06-28,6.67102140141651e-05,8.133623487083241e-05,0.9998519420623779,-1.462602085666731e-05
2022-07-04,0.002141406526789069,0.9918062686920166,0.006052359007298946,-0.9896648621652275
2022-07-12,4.803036426892504e-05,5.982060611131601e-05,0.9998921155929565,-1.179024184239097e-05
2022-07-13,0.0008661689353175461,0.9950789213180542,0.004054846707731485,-0.9942127523827367
2022-07-19,0.9992720484733582,0.0003364279109518975,0.0003915116249118,0.9989356205624063
2022-07-20,0.0007260357378982008,0.9666052460670471,0.03266873199027032,-0.9658792103291489
2022-07-22,0.0015162689378485084,0.9969720840454102,0.0015116804279386997,-0.9954558151075616
2022-07-26,0.4947733926237561,0.5011148937046528,0.004111637128517032,-0.006341501080896705
2022-07-27,0.0012590609258040786,0.9135606288909912,0.08518028259277344,-0.9123015679651871
2022-08-16,0.0008317393367178738,0.9885457158088684,0.010622577741742134,-0.9877139764721505
2022-08-20,0.0006722239777445793,0.9964165687561035,0.0029112587217241526,-0.9957443447783589
2022-08-21,7.695626118220389e-05,7.222934800665826e-05,0.9998507499694824,4.726913175545633e-06
2022-08-25,0.0001565697166370228,9.65484359767288e-05,0.9997468590736389,6.0021280660293996e-05
2022-08-26,0.0006589324329979718,0.9897376894950867,0.009603400714695454,-0.9890787570620887
2022-08-27,0.0006970625254325569,0.9985489249229431,0.0007539206999354064,-0.9978518623975106
2022-08-29,0.0005822694511152804,0.5157920625060797,0.48362564184935763,-0.5152097930549644
2022-08-30,0.0005986767646390945,0.9940534234046936,0.005347906495444477,-0.9934547466400545
2022-08-31,0.500130841799546,0.49671373900491744,0.0031554276356473565,0.0034171027946285903
2022-09-08,0.000346557973898598,0.4950505942106247,0.5046028536744416,-0.4947040362367261
2022-09-09,0.001315669040195644,0.0023630489595234394,0.9963213205337524,-0.0010473799193277955
2022-09-11,0.9961405396461487,0.00023268067161552608,0.0036267810501158237,0.9959078589745332
2022-09-14,0.0005705265211872756,0.9956809282302856,0.0037484634667634964,-0.9951104017090984
2022-09-16,0.0009287056163884699,0.9982213377952576,0.0008499692776240408,-0.9972926321788691
2022-09-20,0.0006192443834152073,0.9572101831436157,0.042170560685917735,-0.9565909387602005
2022-09-27,9.001855505630374e-05,0.00011235987767577171,0.9997976422309875,-2.2341322619467974e-05
2022-10-01,0.0007474562153220177,0.9985873699188232,0.0006651504663750529,-0.9978399137035012
2022-10-04,0.0004936256154906005,0.9876561760902405,0.01185022946447134,-0.9871625504747499
2022-10-05,0.0006122835329733789,0.9936661124229431,0.005721622612327337,-0.9930538288899697
2022-10-06,0.9993854761123657,0.0002545168390497565,0.0003599360934458673,0.999130959273316
2022-10-10,0.02498689666390419,0.9677338004112244,0.007279228884726763,-0.9427469037473202
2022-10-11,0.00046736071817576885,0.9972230195999146,0.002309724222868681,-0.9967556588817388
2022-10-13,0.000655900570563972,0.9985055923461914,0.0008385188993997872,-0.9978496917756274
2022-10-17,0.0005643154145218432,0.9910276532173157,0.008408023975789547,-0.9904633378027938
2022-10-19,0.007996644824743271,0.9899762272834778,0.0020271644461899996,-0.9819795824587345
2022-10-30,0.0009543551423121244,0.9981612861156464,0.0008843015821184963,-0.9972069309733342
2022-10-31,0.0003401900175958872,0.001649964600801468,0.9980098605155945,-0.0013097745832055807
2022-11-01,0.0008609652286395431,0.9284628629684448,0.07067616283893585,-0.9276018977398053
2022-11-04,0.0006643013330176473,0.9599786996841431,0.039357010275125504,-0.9593143983511254
2022-11-06,0.0009358087845612317,0.499337261004257,0.4997269946616143,-0.4984014522196958
2022-11-15,5.2937044529244304e-05,7.306058250833303e-05,0.9998739957809448,-2.0123537979088724e-05
2022-11-16,4.769932638737373e-05,6.326266884570941e-05,0.9998890161514282,-1.5563342458335683e-05
2022-11-20,0.0011179272551089525,0.9967665672302246,0.00211551645770669,-0.9956486399751157
2022-11-22,0.0006273928447626531,0.998295247554779,0.0010773646645247936,-0.9976678547100164
2022-12-01,0.0005220216698944569,0.9686333537101746,0.030844660475850105,-0.9681113320402801
2022-12-08,0.0014683192130178213,0.9978592991828918,0.0006723218830302358,-0.996390979969874
2022-12-21,0.0010607850272208452,0.9970020651817322,0.0019371870439499617,-0.9959412801545113
2022-12-31,0.00036427724990062416,5.943198630120605e-05,0.9995762705802917,0.0003048452635994181
2023-01-01,0.49955331892124377,0.49931179283885285,0.0011348626721883193,0.00024152608239091933
2023-01-02,0.0007183882407844067,0.998675525188446,0.0006060338346287608,-0.9979571369476616
2023-01-05,0.00017618029960431159,7.33723136363551e-05,0.9997504353523254,0.00010280798596795648
2023-01-08,0.0035371026024222374,0.26785808801651,0.728604793548584,-0.2643209854140878
2023-01-18,0.001968258060514927,0.9973904490470886,0.0006413532537408173,-0.9954221909865737
2023-01-22,0.9996045231819153,0.0002840994857251644,0.00011140582500956953,0.9993204236961901
2023-01-31,0.000378741840904695,0.49897989373494056,0.5006413292721845,-0.49860115189403587
2023-02-01,0.9995920062065125,0.0002595633559394628,0.00014850134903099388,0.999332442850573
2023-02-08,0.0005394601418326298,0.3852863570197466,0.61417417267027,-0.38474689687791397
2023-02-13,0.029926033690571785,0.00022621940297540277,0.9698477387428284,0.029699814287596382
2023-02-26,0.0006122890918049961,0.692251518368721,0.3071361586335115,-0.691639229276916
2023-02-27,0.9993357062339783,0.0001984179689316079,0.0004658275574911386,0.9991372882650467
2023-03-03,0.9991980195045471,0.0005137503030709922,0.00028822696185670793,0.9986842692014761
2023-03-05,0.0006994045106694102,0.9978598952293396,0.0014406736008822918,-0.9971604907186702
2023-03-13,0.0006858158267277759,0.00012734109623124823,0.9991868138313293,0.0005584747304965276
2023-03-16,4.548221477307379e-05,7.755357364658266e-05,0.999876856803894,-3.207135887350887e-05
2023-03-22,5.329769555828534e-05,7.427728269249201e-05,0.9998724460601807,-2.0979587134206668e-05
2023-03-23,4.6815745008643717e-05,6.869319622637704e-05,0.9998844861984253,-2.1877451217733324e-05
2023-03-24,0.00048675810103304684,0.9976534247398376,0.0018597893649712205,-0.9971666666388046
2023-04-08,0.0007135160849429667,0.9970722198486328,0.0022142392117530107,-0.9963587037636898
2023-04-13,0.2948746085166931,0.7024721503257751,0.0026531785260885954,-0.40759754180908203
2023-04-14,0.499578281538561,0.49948095621948596,0.0009407892066519707,9.732531907502562e-05
2023-04-15,0.00016207694716285914,9.661991498433053e-05,0.99974125623703,6.545703217852861e-05
2023-04-18,6.115706491982564e-05,0.00014742050552740693,0.9997914433479309,-8.626344060758129e-05
2023-04-20,0.001133596757426858,0.9972366094589233,0.0016296789981424809,-0.9961030127014965
2023-05-06,5.3566207498079166e-05,6.406635657185689e-05,0.9998824596405029,-1.050014907377772e-05
2023-05-07,0.9994505047798157,0.0002259283501189202,0.0003235175972804427,0.9992245764296968
2023-05-08,0.004654077347368002,0.9912137389183044,0.004132292699068785,-0.9865596615709364
2023-05-12,0.9612396955490112,0.0005117336986586452,0.03824861720204353,0.9607279618503526
2023-05-15,9.85145743470639e-05,0.00010308683704352006,0.9997983574867249,-4.572262696456164e-06
2023-05-17,6.940583261894062e-05,6.524216587422416e-05,0.9998654127120972,4.1636667447164655e-06
2023-05-21,0.0014165507163852453,0.9972960352897644,0.0012873735977336764,-0.9958794845733792
2023-05-22,0.005072940839454532,0.00016363648319384083,0.9947634637355804,0.004909304356260691
2023-05-23,0.0005547338514588773,0.9980397820472717,0.0014054266503080726,-0.9974850481958129
2023-05-24,0.0010197129995503929,0.00015803514543222263,0.9988222122192383,0.0008616778541181702
2023-06-03,0.0006609888514503837,0.9974530339241028,0.0018859525443986058,-0.9967920450726524
2023-06-07,0.0005006221472285688,0.9985067248344421,0.0009926126804202795,-0.9980061026872136
2023-06-09,0.9995792508125305,0.000222849688725546,0.00019794705440290272,0.999356401123805
2023-06-13,0.00047556328354403377,0.9975643157958984,0.0019601425155997276,-0.9970887525123544
2023-06-17,0.0025635722558945417,0.19399523735046387,0.8034411668777466,-0.19143166509456933
2023-06-19,0.9979555606842041,0.0005925173754803836,0.0014519619289785624,0.9973630433087237
2023-06-20,4.979019649908878e-05,6.322369881672785e-05,0.9998869895935059,-1.3433502317639068e-05
2023-06-26,0.002337542246095836,0.981865793466568,0.015796632505953312,-0.9795282512204722
2023-06-27,0.00045396029599942267,0.9928094148635864,0.006736558862030506,-0.992355454567587
2023-06-28,0.00054647569777444,0.9984898567199707,0.0009636817267164588,-0.9979433810221963
2023-07-05,6.170768028823659e-05,8.914084901334718e-05,0.9998490810394287,-2.743316872511059e-05
2023-07-10,0.019687645137310028,0.9791508913040161,0.001161377178505063,-0.9594632461667061
2023-07-12,5.2958170272177085e-05,0.00239483080804348,0.997552216053009,-0.002341872637771303
2023-07-13,0.9995953142642975,0.00019410409731790423,0.00021058112906757742,0.9994012101669796
2023-07-14,0.5019967195112258,0.00031084507645573467,0.4976924732691259,0.5016858744347701
2023-07-16,0.0005809622816741467,0.9952998161315918,0.0041192970238626,-0.9947188538499177
2023-07-20,0.029363105073571205,0.0004217940440867096,0.9702151417732239,0.028941311029484496
2023-07-25,0.9971047043800354,0.0004195137298665941,0.0024757343344390392,0.9966851906501688
2023-07-26,0.0014305799268186092,0.9538237452507019,0.044745612889528275,-0.9523931653238833
2023-08-01,0.47907273348391755,0.018191736980952555,0.5027355188503861,0.460880996502965
2023-08-03,5.479438914335333e-05,7.64261421863921e-05,0.9998687505722046,-2.163175304303877e-05
2023-08-04,0.9996894598007202,0.0001903443189803511,0.00012022866576444358,0.9994991154817399
2023-08-11,0.0033467928878962994,0.9938905239105225,0.0027625649236142635,-0.9905437310226262
2023-08-12,0.0005195137928240001,0.9986125230789185,0.0008679431048221886,-0.9980930092860945
2023-08-16,6.891626253491268e-05,5.663136835210025e-05,0.999874472618103,1.2284894182812423e-05
2023-08-18,0.9965291619300842,0.00027761864475905895,0.0031932462006807327,0.9962515432853252
2023-08-20,0.9917900562286377,0.0005295994924381375,0.007680282462388277,0.9912604567361996
2023-08-24,0.997092604637146,0.0018258234485983849,0.0010815262794494629,0.9952667811885476
2023-08-30,0.33497888501005946,0.00340869030696922,0.6616123616695404,0.33157019470309024
2023-09-02,4.711954898084514e-05,8.888207958079875e-05,0.9998639822006226,-4.176253059995361e-05
2023-09-07,6.548567762365565e-05,7.644305151188746e-05,0.9998581409454346,-1.0957373888231814e-05
2023-09-09,0.9994557499885559,0.00022876675939187407,0.0003154714941047132,0.999226983229164
2023-09-12,7.00647578923963e-05,7.019101030891761e-05,0.9998596906661987,-1.262524165213108e-07
2023-09-13,8.715252624824643e-05,7.58788883103989e-05,0.9998369216918945,1.1273637937847525e-05
2023-09-16,0.0009485380141995847,0.9088730216026306,0.09017837047576904,-0.907924483588431
2023-09-17,0.3675665855407715,0.0009269870351999998,0.6315064430236816,0.3666395985055715
2023-09-18,0.5000369762128685,0.49886320637597237,0.0010998178404406644,0.0011737698368960992
2023-09-19,0.000206635202630423,0.009728114120662212,0.9900652766227722,-0.00952147891803179
2023-09-30,0.5011470811441541,0.49848611151537625,0.0003668610515887849,0.0026609696287778206
2023-10-04,0.0017082051490433514,0.996864527463913,0.001427232171408832,-0.9951563223148696
2023-10-06,0.001628474099561572,0.9930636286735535,0.005307864863425493,-0.9914351545739919
2023-10-07,0.32770489123019314,0.09303591819237529,0.5792591801534096,0.23466897303781786
2023-10-11,0.9959224462509155,0.00026248455105815083,0.0038150692198541947,0.9956599616998574
2023-10-12,0.999339759349823,0.00023297916050069034,0.0004272985679563135,0.9991067801893223
2023-10-19,0.0005411492311395705,0.9973806738853455,0.0020781992934644222,-0.9968395246542059
2023-10-20,0.0007053707959130406,0.9964191913604736,0.0028755231760442257,-0.9957138205645606
2023-10-27,0.4985310222255066,0.4978275044122711,0.0036414353526197374,0.0007035178132355213
2023-11-07,0.0005487247253768146,0.9985180497169495,0.0009332248591817915,-0.9979693249915726
2023-11-09,0.9706662893295288,0.027630673721432686,0.0017030028393492103,0.9430356156080961
2023-11-13,0.0007053691078908741,0.9755213856697083,0.023773150518536568,-0.9748160165618174
2023-11-20,0.0004945980035699904,0.9970980882644653,0.002407283987849951,-0.9966034902608953
2023-11-22,0.9195069670677185,0.0008942027343437076,0.07959876954555511,0.9186127643333748
2023-11-25,0.0006657301564700902,0.9981712102890015,0.0011630388908088207,-0.9975054801325314
2023-11-26,0.0004871072596870363,0.49538650617250823,0.5041263187304139,-0.4948993989128212
2023-11-29,0.9979767203330994,0.00017169483180623502,0.0018515492556616664,0.9978050255012931
2023-11-30,0.9995263814926147,0.0002262659400003031,0.0002474028442520648,0.9993001155526144
2023-12-05,0.003688888918986777,0.00012378788596834056,0.996187299489975,0.0035651010330184363
2023-12-06,0.00063610594952479,0.9966012239456177,0.002762630581855774,-0.9959651179960929
2023-12-07,0.9990880489349365,0.0002065819426206872,0.0007053613080643117,0.9988814669923158
2023-12-08,5.7105782616417855e-05,6.8903093051631e-05,0.9998739957809448,-1.1797310435213149e-05
2023-12-13,0.0005406048730947077,0.29925158619880676,0.7002078294754028,-0.29871098132571205
2023-12-21,0.000479251379147172,0.9986347556114197,0.0008859127992764115,-0.9981555042322725
2023-12-29,0.00017217782442457974,0.00011490241740830243,0.9997128844261169,5.727540701627731e-05
2024-01-01,0.0005118603003211319,8.255209831986576e-05,0.9994056224822998,0.0004293082020012662
2024-01-03,0.500069317757152,0.49937380642222706,0.000556857899937313,0.0006955113349249586
2024-01-16,4.085123509867117e-05,7.61254268581979e-05,0.9998829364776611,-3.527419175952673e-05
2024-01-24,0.9618762135505676,0.0004750245134346187,0.03764881193637848,0.961401189037133
2024-01-25,0.0010869979159906507,0.9858226180076599,0.013090306892991066,-0.9847356200916693
2024-01-29,0.6661021761246957,0.3328473837997687,0.001050428589223884,0.333254792324927
2024-01-31,0.4992431305727223,0.0012930275843245909,0.49946377967717126,0.4979501029883977
2024-02-01,0.0009031997760757804,0.9975298047065735,0.0015671106521040201,-0.9966266049304977
2024-02-02,0.00048324945964850485,0.04566597938537598,0.9538507461547852,-0.04518272992572747
2024-02-04,0.9985520243644714,0.0005177066195756197,0.0009302371181547642,0.9980343177448958
2024-02-07,0.7926048636436462,0.20498289167881012,0.0024122002068907022,0.5876219719648361
2024-02-11,0.00010004375508287922,0.00013765058247372508,0.9997623562812805,-3.7606827390845865e-05
2024-02-15,0.6263926029205322,0.0009424574091099203,0.3726649284362793,0.6254501455114223
2024-02-16,0.0005171711090952158,6.171033601276577e-05,0.9994211196899414,0.00045546077308245003
2024-02-17,0.0019625036511570215,0.9975250363349915,0.0005123819573782384,-0.9955625326838344
2024-02-18,6.0006532294210047e-05,6.619163468712941e-05,0.9998738765716553,-6.185102392919362e-06
2024-02-20,0.999686598777771,0.0001618780952412635,0.00015154096763581038,0.9995247206825297
2024-02-21,0.9906045794487,0.0006203157245181501,0.008775110356509686,0.9899842637241818
2024-02-27,0.0006286811549216509,0.9982532858848572,0.0011180422734469175,-0.9976246047299355
2024-02-29,0.24731358885765076,0.7507513165473938,0.001935131149366498,-0.503437727689743
2024-03-01,0.367855966091156,0.013383643701672554,0.618760347366333,0.35447232238948345
2024-03-02,0.00031051115365698934,9.49030727497302e-05,0.9995946288108826,0.00021560808090725914
2024-03-04,0.24820622550396365,0.10229155730485218,0.649502158164978,0.14591466819911147
2024-03-09,0.0005325422389432788,0.9966906309127808,0.0027767803985625505,-0.9961580886738375
2024-03-20,0.000507144199218601,0.9983672499656677,0.00112564442679286,-0.9978601057664491
2024-03-27,0.00016867894737515599,6.035116530256346e-05,0.9997710585594177,0.00010832778207259253
2024-04-01,0.001385395065881312,8.962360880104825e-05,0.9985249638557434,0.0012957714570802636
2024-04-10,4.916842226521112e-05,8.379846258321777e-05,0.9998669624328613,-3.463004031800665e-05
2024-04-16,0.9930254220962524,0.0005203170003369451,0.006454305723309517,0.9925051050959155
2024-04-17,4.290537253837101e-05,7.700308196945116e-05,0.9998800754547119,-3.409770943108015e-05
2024-04-18,0.9990569949150085,0.0008234394481405616,0.00011951786291319877,0.998233555466868
2024-04-20,5.21955153089948e-05,6.253368337638676e-05,0.9998852014541626,-1.0338168067391962e-05
2024-04-23,0.00032938560070761014,0.499162618041737,0.50050799298333,-0.4988332324410294
2024-04-28,0.0004790598468389362,0.0001393558777635917,0.9993815422058105,0.0003397039690753445
2024-05-03,9.890435467241332e-05,7.72979692555964e-05,0.9998237490653992,2.160638541681692e-05
2024-05-04,0.05250949785113335,0.00035649430355988443,0.9471340179443359,0.05215300354757346
2024-05-07,0.009886004030704498,0.005630164872854948,0.9844837784767151,0.00425583915784955
2024-06-04,7.263937004609033e-05,0.00020003785903099924,0.9997273087501526,-0.0001273984889849089
2024-06-06,0.0005382737144827843,0.9986905455589294,0.0007712116348557174,-0.9981522718444467
2024-06-07,7.939730858197436e-05,5.9073961892863736e-05,0.999861478805542,2.0323346689110622e-05
2024-06-08,0.8528700470924377,0.0005488048773258924,0.14658115804195404,0.8523212422151119
2024-06-10,4.822234041057527e-05,7.997706416063011e-05,0.9998717308044434,-3.1754723750054836e-05
2024-06-11,0.0006790942279621959,0.00012939082807861269,0.9991915822029114,0.0005497033998835832
2024-06-13,0.9986141920089722,0.00022584589896723628,0.0011599785648286343,0.9983883461100049
2024-06-18,0.0008010705350898206,0.9984075427055359,0.0007913595763966441,-0.9976064721704461
2024-06-26,0.00893745623761788,0.49921548592101317,0.49184705773950554,-0.4902780296833953
2024-06-27,0.001095127037842758,0.00015285011613741517,0.9987520575523376,0.0009422769217053428
2024-06-28,5.508399772224948e-05,7.578935037599877e-05,0.9998691082000732,-2.0705352653749287e-05
2024-06-29,0.0007082537049427629,0.007622262462973595,0.9916695356369019,-0.006914008758030832
2024-07-03,0.9987378716468811,0.00017897409270517528,0.0010831961408257484,0.9985588975541759
2024-07-15,0.0004777881013069418,0.24952957076675375,0.7499926675081952,-0.2490517826654468
2024-07-16,0.00048045626560148474,0.3646113718714332,0.634908216597978,-0.3641309156058317
2024-07-22,0.9996623992919922,0.00019337290723342448,0.00014426911366172135,0.9994690263847588
2024-07-24,6.195418973220512e-05,5.97984399064444e-05,0.9998781681060791,2.155749825760722e-06
2024-07-26,5.4052045015851036e-05,6.977051816647872e-05,0.9998762607574463,-1.5718473150627688e-05
2024-07-28,0.0007826383225619793,0.998506486415863,0.0007109047146514058,-0.9977238480933011
2024-07-30,0.0005504362052306533,0.99861741065979,0.0008321783388964832,-0.9980669744545594
2024-08-03,0.49953236256260425,0.00016390882228733972,0.5003036831039935,0.4993684537403169
2024-08-07,5.244080603006296e-05,6.307598960120231e-05,0.9998844861984253,-1.063518357113935e-05
2024-08-10,0.0007494718302041292,0.9981149435043335,0.001135601894930005,-0.9973654716741294
2024-08-13,0.8646699786186218,0.13370391726493835,0.001626103650778532,0.7309660613536835
2024-08-20,0.9996626377105713,0.0001963842223631218,0.00014097582607064396,0.9994662534882082
2024-08-21,0.00010511346044950187,0.00013342875172384083,0.9997614026069641,-2.831529127433896e-05
2024-08-26,0.01075731497257948,0.9876882433891296,0.001554436283186078,-0.9769309284165502
2024-08-28,0.0008168569183908403,0.9958204030990601,0.003362724557518959,-0.9950035461806692
2024-09-02,5.949168553343043e-05,8.990046626422554e-05,0.9998506307601929,-3.0408780730795115e-05
2024-09-04,0.0005464566056616604,0.9983217120170593,0.001131771714426577,-0.9977752554113977
2024-09-05,7.100801303749904e-05,6.301108805928379e-05,0.9998658895492554,7.996924978215247e-06
2024-09-06,4.840878682443872e-05,6.8854154960718e-05,0.999882698059082,-2.0445368136279285e-05
2024-09-09,0.0006961512845009565,0.9952788352966309,0.004025118891149759,-0.9945826840121299
2024-09-12,0.9775570631027222,0.021708160638809204,0.0007348084473051131,0.955848902463913
2024-09-16,0.0037286654114723206,0.9817797541618347,0.014491508714854717,-0.9780510887503624
2024-09-17,0.8331806063652039,0.0005182747991057113,0.16630112022297303,0.8326623315660981
2024-09-18,0.9992668032646179,0.0002400110533926636,0.0004931794246658683,0.9990267922112253
2024-09-19,0.1108677014708519,0.8880422711372375,0.0010900653433054686,-0.7771745696663857
2024-09-20,0.987154483795166,0.0020828531123697758,0.010762633755803108,0.9850716306827962
2024-09-24,9.622118523111567e-05,7.696616376051679e-05,0.9998268485069275,1.9255021470598876e-05
2024-09-28,0.9985678195953369,0.0001577329821884632,0.001274450565688312,0.9984100866131485
2024-09-29,0.0016576761845499277,0.9951332211494446,0.0032089948654174805,-0.9934755449648947
2024-10-01,7.397458102786914e-05,0.00041293282993137836,0.9995130300521851,-0.00033895824890350923
2024-10-02,0.0006879599532112479,0.9715558886528015,0.02775610238313675,-0.9708679286995903
2024-10-06,9.763860725797713e-05,6.546318036271259e-05,0.9998369216918945,3.2175426895264536e-05
2024-10-09,0.0005631418898701668,0.9964020252227783,0.0030348822474479675,-0.9958388833329082
2024-10-14,0.41656344359398645,0.08281601569251507,0.5006205393001437,0.3337474279014714
2024-10-15,0.0725933723624621,0.4265858633007156,0.5008208043291233,-0.35399249093825347
2024-10-17,0.0015539078740403056,0.9928091764450073,0.005636825691908598,-0.991255268570967
2024-10-20,0.000565032591111958,0.9981421232223511,0.0012927954085171223,-0.9975770906312391
2024-10-21,0.0005729143158532679,0.9976146221160889,0.0018125544302165508,-0.9970417078002356
2024-10-24,0.00013221809058450162,5.068092286819592e-05,0.9998171925544739,8.15371677163057e-05
2024-10-26,0.0011683760676532984,0.9726783633232117,0.026153305545449257,-0.9715099872555584
2024-10-28,0.0017630195943638682,0.7397220730781555,0.2585148811340332,-0.7379590534837916
2024-11-01,0.0004801653849426657,0.9966709017753601,0.0028490452095866203,-0.9961907363904174
2024-11-04,4.612096745404415e-05,6.292582838796079e-05,0.999890923500061,-1.6804860933916643e-05
2024-11-05,5.3360799938673154e-05,6.37952471151948e-05,0.9998828172683716,-1.0434447176521644e-05
2024-11-07,0.4318959712982178,0.5657669901847839,0.0023370226845145226,-0.13387101888656616
2024-11-08,0.048306819051504135,0.9501417875289917,0.0015514349797740579,-0.9018349684774876
2024-11-10,0.9995716214179993,0.0002142691082553938,0.00021404610015451908,0.9993573523097439
2024-11-11,0.0019566696137189865,0.9946346282958984,0.0034087877720594406,-0.9926779586821795
2024-11-17,0.003434102749451995,0.9955175518989563,0.0010483263758942485,-0.9920834491495043
2024-11-18,6.035419937688857e-05,0.00010320507863070816,0.9998364448547363,-4.2850879253819585e-05
2024-11-19,0.00010609129822114483,0.0026839578058570623,0.9972099661827087,-0.0025778665076359175
2024-12-02,0.49981915796524845,0.0005560469508054666,0.49962476878863527,0.499263111014443
2024-12-03,0.0007480334024876356,0.9983134269714355,0.000938521116040647,-0.9975653935689479
2024-12-06,0.0007044246885925531,0.17295101284980774,0.8263445496559143,-0.17224658816121519
2024-12-13,0.0007024748483672738,0.9980121850967407,0.001285309437662363,-0.9973097102483734
2024-12-18,0.0005708101089112461,0.9982985854148865,0.0011306330561637878,-0.9977277753059752
2024-12-30,0.0010358149302192032,0.9983833730220795,0.0005808324494864792,-0.9973475580918603
2024-12-31,0.8256171345710754,0.01991593837738037,0.1544668823480606,0.8057011961936951
2025-01-01,0.9997074007987976,0.00015695896581746638,0.00013556645717471838,0.9995504418329801
2025-01-04,0.000551479053683579,0.9984449744224548,0.0010036473395302892,-0.9978934953687713
2025-01-05,0.0007287353510037065,0.9980576634407043,0.0012136275181546807,-0.9973289280897006
2025-01-06,0.0003567532985471189,8.933534263633192e-05,0.9995538592338562,0.000267417955910787
2025-01-07,0.0002249951212434098,7.7996046456974e-05,0.9996970891952515,0.0001469990747864358
2025-01-08,0.00010648507122823503,0.00011576305405469611,0.9997777342796326,-9.277982826461084e-06
2025-01-09,0.49839122692355886,0.3418931650230661,0.15971562080085278,0.15649806190049276
2025-01-10,0.0005176321137696505,0.9985983967781067,0.0008839554502628744,-0.998080764664337
2025-01-11,0.000617852492723614,0.9987794756889343,0.0006027260678820312,-0.9981616231962107
2025-01-13,0.999572217464447,0.00022211040777619928,0.00020565238082781434,0.9993501070566708
2025-01-14,5.880113894818351e-05,6.439357821363956e-05,0.999876856803894,-5.592439265456051e-06
2025-01-16,0.9992258548736572,0.00021069931972306222,0.0005633873515762389,0.9990151555539342
2025-01-17,4.7466241085203364e-05,6.862375448690727e-05,0.9998838901519775,-2.115751340170391e-05
2025-01-20,0.0006942239415366203,0.9438942074775696,0.05541160795837641,-0.943199983536033
2025-01-29,8.285240619443357e-05,6.0112397477496415e-05,0.9998570680618286,2.2740008716937155e-05
2025-02-04,0.0005129911005496979,0.997479259967804,0.002007720060646534,-0.9969662688672543
2025-02-14,0.9994717240333557,0.00028682255651801825,0.00024147536896634847,0.9991849014768377
2025-02-15,0.0010114186443388462,0.998105525970459,0.0008831515442579985,-0.9970941073261201
2025-02-18,0.00010681746061891317,0.00012868718476966023,0.9997645020484924,-2.186972415074706e-05
2025-02-21,0.00018295107292942703,0.0004900794010609388,0.9993269443511963,-0.0003071283281315118
2025-02-25,0.0005476184305734932,0.9986636638641357,0.0007886650273576379,-0.9981160454335622
2025-03-03,0.0008924443973228335,0.996538519859314,0.0025691210757941008,-0.9956460754619911
2025-03-05,0.9994649291038513,0.0003460087755229324,0.00018902693409472704,0.9991189203283284
2025-03-06,0.6298660635948181,0.0030233815778046846,0.36711055040359497,0.6268426820170134
2025-03-07,7.306725456146523e-05,6.652196316281334e-05,0.999860405921936,6.545291398651898e-06
2025-03-09,0.8242968916893005,0.17224302887916565,0.0034600673243403435,0.6520538628101349
2025-03-10,0.0021800717804580927,0.9969000816345215,0.0009198361658491194,-0.9947200098540634
2025-03-12,0.9976956248283386,0.0002351406292291358,0.0020691854879260063,0.9974604841991095
2025-03-13,0.00010686211317079142,7.979344081832096e-05,0.9998133778572083,2.7068672352470458e-05
2025-03-17,0.026203716173768044,0.9324874877929688,0.04130881279706955,-0.9062837716192007
2025-03-24,0.26653120026458055,0.2096316368351836,0.5238371496052423,0.05689956342939695
2025-03-28,5.2967428928241134e-05,6.683632818749174e-05,0.9998801946640015,-1.3868899259250611e-05
2025-04-07,0.005967005621641874,0.919253945350647,0.0747789815068245,-0.9132869397290051
2025-04-11,0.9758327007293701,0.019282054156064987,0.004885236732661724,0.9565506465733051
2025-04-14,0.3087560251321217,0.014696069985802751,0.676547863210241,0.29405995514631894
2025-04-15,0.9973153471946716,0.0002512374776415527,0.002433458110317588,0.9970641097170301
2025-04-16,6.524733180413023e-05,7.1253816713579e-05,0.9998635053634644,-6.006484909448773e-06
2025-04-17,0.017719168215990067,0.9802164435386658,0.0020644126925617456,-0.9624972753226757
2025-04-23,0.49983555307699135,0.00018382666166871786,0.4999806663108757,0.49965172641532263
2025-04-25,0.001397293177433312,0.00023497120128013194,0.9983677268028259,0.00116232197615318
2025-04-28,0.9995083808898926,0.0002930191403720528,0.00019856166909448802,0.9992153617495205
2025-05-02,0.0006022248999215662,0.9975284934043884,0.0018693947931751609,-0.9969262685044669
2025-05-03,0.9994773268699646,0.00021589633252006024,0.0003068575751967728,0.9992614305374445
2025-05-04,0.9992988109588623,0.00018641904171090573,0.0005146999028511345,0.9991123919171514
2025-05-05,0.666452368592824,0.00015001464150069901,0.3333976346621057,0.6663023539513233
2025-05-13,7.255138916661963e-05,7.969305443111807e-05,0.9998476505279541,-7.141665264498442e-06
2025-05-19,0.5001986948773265,0.0001481788422097452,0.49965311279447633,0.5000505160351167
2025-05-21,0.0002907446905737743,0.4994162443308596,0.5002930004848167,-0.49912549964028585
2025-05-22,0.0005313429428497329,0.9972021579742432,0.0022664881544187665,-0.9966708150313934
2025-05-28,0.0004313612880650908,0.00011433561303419992,0.9994543194770813,0.00031702567503089085
2025-05-29,0.00010622966510709375,0.00048484746366739273,0.9994088411331177,-0.000378617798560299
2025-06-01,0.26444801688194275,0.00408785417675972,0.7314640879631042,0.26036016270518303
2025-06-02,0.0011188547359779477,0.001076346612535417,0.9978048205375671,4.250812344253063e-05
2025-06-11,0.734024703502655,0.0005128250923007727,0.2654624581336975,0.7335118784103543
2025-06-16,0.29541492462158203,0.7020774483680725,0.002507625613361597,-0.4066625237464905
2025-06-18,0.0003609029239062996,0.3328080714466826,0.6668309944216162,-0.33244716852277634
2025-06-20,0.487529086689392,0.0003656953776953742,0.512105199508369,0.4871633913116966
2025-06-24,0.00011681026080623269,9.810983465285972e-05,0.9997851252555847,1.8700426153372973e-05
2025-06-25,0.0005348476115614176,0.9984796643257141,0.0009854992385953665,-0.9979448167141527
2025-06-27,0.5003189723356627,0.49936545960372314,0.00031553697044728324,0.0009535127319395542
2025-06-29,0.00018387287855148315,0.00011266872752457857,0.9997034668922424,7.120415102690458e-05
2025-07-02,5.383479583542794e-05,6.31300572422333e-05,0.9998829364776611,-9.295261406805366e-06
2025-07-11,0.0009104970667976886,0.9981212615966797,0.0009682802192401141,-0.997210764529882
2025-07-14,0.9996071457862854,0.00017816334730014205,0.00021470425417646766,0.9994289824389853
2025-07-16,0.49833626119652763,0.4982264037244022,0.003437320585362613,0.00010985747212544084
2025-07-17,0.9990368485450745,0.0006290605961112306,0.00033406587681383826,0.9984077879489632
2025-07-18,0.0004798808258783538,0.49893439597508404,0.5005857154610567,-0.4984545151492057
2025-07-20,0.2350234091281891,0.7630349397659302,0.0019416172290220857,-0.5280115306377411
2025-07-21,0.000714296184014529,0.9973992109298706,0.0018864248413592577,-0.9966849147458561
2025-07-22,0.000651924405246973,0.984109103679657,0.015239031985402107,-0.98345717927441
2025-07-28,0.0003292773326393217,7.054526940919459e-05,0.9996002316474915,0.0002587320632301271
2025-07-29,0.006872669793665409,0.992462158203125,0.0006651199655607343,-0.9855894884094596
2025-07-31,0.9995920062065125,0.0002877239603549242,0.00012032406812068075,0.9993042822461575
2025-08-01,0.0006175234448164701,0.9955475330352783,0.003834923030808568,-0.9949300095904619
2025-08-03,0.0005799747887067497,0.9949626922607422,0.004457374103367329,-0.9943827174720354
2025-08-04,0.0003570428671082482,0.49937755546488916,0.5002653706469573,-0.4990205125977809
2025-08-05,0.005922607146203518,0.9886378645896912,0.005439582746475935,-0.9827152574434876
2025-08-06,0.0005336827216524398,8.480266114929691e-05,0.9993814527988434,0.0004488800605031429
2025-08-07,7.53130079829134e-05,8.905994764063507e-05,0.9998356103897095,-1.3746939657721668e-05
2025-08-08,6.687048153253272e-05,7.226467278087512e-05,0.9998608827590942,-5.394191248342395e-06
2025-08-12,0.0005837803182657808,0.9970861375331879,0.0023301118053495884,-0.9965023572149221
2025-08-13,0.49842095337226056,0.4992239509592764,0.0023551074555143714,-0.0008029975870158523
2025-08-14,0.4997887115459889,0.49560185011068825,0.0046094078570604324,0.0041868614353006706
2025-08-18,0.5388230383396149,0.00025103866937570274,0.46092591345950495,0.5385719996702392
2025-08-19,0.000829300144687295,0.011268327943980694,0.9879023432731628,-0.010439027799293399
2025-08-20,5.534462252398953e-05,6.732779002049938e-05,0.9998773336410522,-1.198316749650985e-05
2025-08-21,0.3714150451705791,0.6268500156681208,0.0017349158297292888,-0.2554349704975417
2025-08-22,0.0010133220348507166,0.9981130361557007,0.0008736460004001856,-0.99709971412085
2025-08-24,4.869962140219286e-05,8.293153223348781e-05,0.9998683333396912,-3.4231910831294954e-05
2025-08-25,0.0006537407462019473,0.9900641143321991,0.009282100712880492,-0.9894103735859971
2025-08-29,0.03180629616448035,0.3238318311050534,0.6443618765721718,-0.2920255349405731
2025-09-01,0.0009791264310479164,0.971743643283844,0.027277261018753052,-0.9707645168527961
2025-09-02,0.0004614760182448663,0.4992186439994839,0.5003198731283192,-0.49875716798123904
2025-09-03,0.21778559417483243,0.6134306770169738,0.16878372106778747,-0.3956450828421414
2025-09-06,0.0006890464574098587,0.9960492253303528,0.0032616876997053623,-0.9953601788729429
2025-09-10,0.5051148007623851,0.00027569276426220313,0.4946094972692663,0.5048391079981229
2025-09-11,0.0004205743462080136,0.4986815912889142,0.5008978236000985,-0.4982610169427062
2025-09-16,0.0007869955152273178,0.9982656836509705,0.0009473203681409359,-0.9974786881357431
2025-09-17,0.0010390743846073747,0.9978725910186768,0.0010883430950343609,-0.9968335166340694
2025-09-18,0.0019815200939774513,0.8513298630714417,0.14668859541416168,-0.8493483429774642
2025-09-22,0.0006330936448648572,0.9877557754516602,0.011611057445406914,-0.9871226818067953
2025-09-23,6.540946196764708e-05,6.786282028770074e-05,0.9998667240142822,-2.453358320053667e-06
2025-09-26,0.00045424819230296026,0.3327736534338328,0.6667720943805762,-0.33231940524152986
2025-09-29,0.9286448955535889,0.023038988932967186,0.04831616207957268,0.9056059066206217
2025-09-30,5.835574847878888e-05,6.153283175081015e-05,0.9998800754547119,-3.177083272021264e-06
2025-10-02,3.884339821524918e-05,0.00019194255582988262,0.9997691512107849,-0.00015309915761463344
2025-10-04,0.000583093729801476,0.9953904151916504,0.004026488197268918,-0.9948073214618489
2025-10-06,0.9987491071224213,0.0002661716425791383,0.0009846910907072015,0.9984829354798421
2025-10-07,0.9995377063751221,0.0001847249804995954,0.0002776414039544761,0.9993529813946225
2025-10-10,0.00039679246037849225,0.499328600577428,0.5002745708916336,-0.4989318081170495
2025-10-13,0.5003282902180217,0.4992998839079519,0.000371877831639722,0.0010284063100698404
2025-10-15,0.45998432533815503,0.49972953883116134,0.040286172821652144,-0.039745213493006304
2025-10-17,0.5001242537400685,0.49835897466982715,0.0015167470264714211,0.0017652790702413768
2025-10-19,0.6656817628924424,0.3325801677322791,0.0017380275288208698,0.3331015951601633
2025-10-20,0.0010799714364111423,0.9982176423072815,0.0007023199577815831,-0.9971376708708704
2025-10-22,0.0006149577093310654,0.9985724687576294,0.0008125431486405432,-0.9979575110482983
2025-10-24,0.9996731281280518,0.0001955316838575527,0.0001313871325692162,0.9994775964441942
2025-10-27,0.002955978037789464,0.99562668800354,0.0014173161471262574,-0.9926707099657506
2025-10-30,0.0005816035554744303,0.9851194024085999,0.014298982918262482,-0.9845377988531254
2025-10-31,0.008428724482655525,0.9014502763748169,0.09012102335691452,-0.8930215518921614
2025-11-02,5.8192326832795516e-05,6.523039337480441e-05,0.9998766183853149,-7.038066542008892e-06
2025-11-04,0.9996774196624756,0.000191359271411784,0.0001312808453803882,0.9994860603910638
2025-11-05,0.0005232422154222149,0.49906819146781345,0.5004085452237632,-0.49854494925239123
2025-11-06,0.007501384786640604,0.7925560077031454,0.19994254786676416,-0.7850546229165047
2025-11-07,0.00975765474140644,0.4889315900072688,0.5013107508420944,-0.4791739352658624
2025-11-12,0.4998918804922141,0.49935582707985304,0.0007523103195126168,0.0005360534123610705
2025-11-14,0.010953562334179878,0.9884217381477356,0.0006247683777473867,-0.9774681758135557
2025-11-20,0.0012378524406813085,0.5581552088260651,0.44060698090470396,-0.5569173563853838
2025-11-21,0.000124033831525594,6.212829612195492e-05,0.9998138546943665,6.190553540363908e-05
2025-11-22,0.9923285841941833,0.007151227444410324,0.0005202036118134856,0.985177356749773
2025-11-26,0.4998421624441107,0.00015650707427994348,0.5000012970849639,0.4996856553698308
2025-11-27,0.999663233757019,0.00022355045075528324,0.0001132144607254304,0.9994396833062638
2025-11-30,0.9974409341812134,0.0005526423337869346,0.0020064429845660925,0.9968882918474264
2025-12-01,0.6664431280393425,0.00014496371538067857,0.3334118900335549,0.6662981643239618
2025-12-03,0.9961070617039999,0.0002884535982351129,0.003604513248622728,0.9958186081057647
2025-12-04,0.0005849891458638012,0.9985248446464539,0.0008901917608454823,-0.9979398555005901
2025-12-05,0.0010173505870625377,0.9979197382926941,0.0010629137977957726,-0.9969023877056316
2025-12-06,0.0006042619934305549,0.9980693459510803,0.0013263863511383533,-0.9974650839576498
2025-12-09,0.0005153542151674628,7.259492122102529e-05,0.9994120597839355,0.00044275929394643754
2025-12-10,0.0016306343022733927,0.49880091164959595,0.4995684626046568,-0.49717027734732255
2025-12-15,0.9995391368865967,0.00025096460012719035,0.00020991524797864258,0.9992881722864695
2025-12-16,0.0019277222454547882,0.9966192245483398,0.0014530139742419124,-0.9946915023028851
2025-12-17,0.0003193451948391157,0.4978982402390102,0.5017823958041845,-0.4975788950441711
2025-12-18,0.999110996723175,0.0002086263702949509,0.0006803306605434045,0.9989023703528801
2025-12-19,0.9857909977436066,0.01217834356793901,0.002030709532846231,0.9736126541756676
2025-12-20,0.9960821270942688,0.0006454946706071496,0.0032724172342568636,0.9954366324236616
2025-12-21,0.9894928932189941,0.009154170751571655,0.0013529788702726364,0.9803387224674225
2025-12-22,0.0005212739342823625,0.992002010345459,0.007476752158254385,-0.9914807364111766
2025-12-23,0.3339882529495905,0.6653108445073789,0.0007008778217520254,-0.33132259155778837
2025-12-24,0.9965150356292725,0.002873999997973442,0.0006109608802944422,0.993641035631299
2025-12-26,0.9994827508926392,0.00025031669065356255,0.00026688341313274577,0.9992324342019856
2025-12-27,0.9996001124382019,0.0002504636941011995,0.00014948182797525078,0.9993496487441007
2025-12-29,5.308047911967151e-05,6.708600267302245e-05,0.9998798370361328,-1.400552355335094e-05
2025-12-30,0.9994621872901917,0.0002151490334654227,0.00032269462826661766,0.9992470382567262
2025-12-31,0.0006405145977623761,0.9986419081687927,0.0007176143117249012,-0.9980013935710303
2026-01-01,3.870788714266382e-05,8.288848039228469e-05,0.9998784065246582,-4.418059324962087e-05
