Date,FinBERT_Positive,FinBERT_Negative,FinBERT_Neutral,Net_Sentiment
2010-04-07,0.03305482491850853,0.05380871891975403,0.9131364226341248,-0.0207538940012455
2010-04-26,0.01568269543349743,0.9427087306976318,0.04160859063267708,-0.9270260352641344
2010-06-20,0.17061389982700348,0.11494863778352737,0.7144374847412109,0.055665262043476105
2010-10-15,0.1397988349199295,0.5472951531410217,0.3129059970378876,-0.4074963182210922
2010-10-27,0.1393224373459816,0.04920764546841383,0.8114699125289917,0.09011479187756777
2010-11-03,0.20353561639785767,0.03992896340787411,0.7565354108810425,0.16360665298998356
2010-11-27,0.871379554271698,0.00987662747502327,0.11874384433031082,0.8615029267966747
2010-12-13,0.37307390570640564,0.009268660098314285,0.6176574230194092,0.36380524560809135
2010-12-30,0.06821734458208084,0.023044364526867867,0.9087383151054382,0.045172980055212975
2011-01-02,0.465284526348114,0.06364760547876358,0.4710678160190582,0.40163692086935043
2011-01-08,0.24630708992481232,0.3151952624320984,0.4384976029396057,-0.06888817250728607
2011-01-30,0.03926309198141098,0.05361325666308403,0.9071236848831177,-0.01435016468167305
2011-02-12,0.5636149644851685,0.008479439653456211,0.4279056191444397,0.5551355248317122
2011-02-16,0.2029798924922943,0.2016003131866455,0.5954197645187378,0.0013795793056488037
2011-02-17,0.5017607808113098,0.10063721239566803,0.3976020812988281,0.4011235684156418
2011-03-09,0.05975289270281792,0.5519706010818481,0.38827651739120483,-0.4922177083790302
2011-03-14,0.18329207599163055,0.14357168972492218,0.673136293888092,0.039720386266708374
2011-03-18,0.20469222962856293,0.013666721060872078,0.7816410660743713,0.19102550856769085
2011-04-06,0.030509045347571373,0.3357599675655365,0.633730947971344,-0.3052509222179651
2011-04-27,0.018506400287151337,0.9506933093070984,0.03080037422478199,-0.932186909019947
2011-05-27,0.033719152212142944,0.661128044128418,0.3051527738571167,-0.627408891916275
2011-06-24,0.2055254578590393,0.0586492158472538,0.7358253002166748,0.1468762420117855
2011-08-11,0.5273998975753784,0.014879783615469933,0.4577203094959259,0.5125201139599085
2011-10-28,0.037018418312072754,0.5895752906799316,0.373406320810318,-0.5525568723678589
2011-12-13,0.08332505822181702,0.01822344958782196,0.8984515070915222,0.06510160863399506
2011-12-14,0.8991560339927673,0.019680291414260864,0.08116365969181061,0.8794757425785065
2012-03-06,0.03942032530903816,0.10579533129930496,0.8547843098640442,-0.0663750059902668
2012-05-07,0.08820781111717224,0.8884766101837158,0.02331550046801567,-0.8002687990665436
2012-06-09,0.8287663459777832,0.029683224856853485,0.14155036211013794,0.7990831211209297
2012-06-27,0.023247728124260902,0.041945066303014755,0.9348071813583374,-0.018697338178753853
2012-09-05,0.0692011509090662,0.01848325878381729,0.9123156070709229,0.05071789212524891
2012-09-28,0.031078437343239784,0.08931178599596024,0.8796097636222839,-0.05823334865272045
2012-10-03,0.03622131049633026,0.05674467608332634,0.9070340394973755,-0.02052336558699608
2012-11-01,0.07744719833135605,0.014216155745089054,0.9083366394042969,0.063231042586267
2012-11-08,0.18747729063034058,0.01165593508630991,0.8008667230606079,0.17582135554403067
2012-11-11,0.12843206524848938,0.009642988443374634,0.861924946308136,0.11878907680511475
2012-11-23,0.22916153073310852,0.6046101450920105,0.16622832417488098,-0.375448614358902
2013-01-02,0.7039067149162292,0.06396850943565369,0.23212476074695587,0.6399382054805756
2013-02-05,0.7381276488304138,0.016872704029083252,0.24499967694282532,0.7212549448013306
2013-02-11,0.20473340153694153,0.689897894859314,0.10536868125200272,-0.48516449332237244
2013-02-28,0.6255044937133789,0.014480764977633953,0.3600147068500519,0.611023728735745
2013-05-12,0.019263291731476784,0.9305588006973267,0.050177887082099915,-0.9112955089658499
2013-06-19,0.22159965336322784,0.14165303111076355,0.6367473006248474,0.0799466222524643
2013-08-20,0.9443469047546387,0.013667925260961056,0.041985101997852325,0.9306789794936776
2013-08-27,0.019586890935897827,0.6421348452568054,0.33827826380729675,-0.6225479543209076
2013-09-19,0.07554259151220322,0.01610971800982952,0.9083476662635803,0.059432873502373695
2013-10-20,0.5755524039268494,0.026856977492570877,0.397590696811676,0.5486954264342785
2013-10-31,0.2730531096458435,0.14147280156612396,0.5854741334915161,0.13158030807971954
2013-11-01,0.16846249997615814,0.7695401310920715,0.06199735403060913,-0.6010776311159134
2013-12-23,0.27582621574401855,0.6655654311180115,0.05860826000571251,-0.3897392153739929
2014-01-04,0.018298491835594177,0.047338079661130905,0.9343633651733398,-0.029039587825536728
2014-01-24,0.772793710231781,0.009012038819491863,0.21819426119327545,0.7637816714122891
2014-01-26,0.5942055583000183,0.03444529324769974,0.37134915590286255,0.5597602650523186
2014-02-19,0.15739750862121582,0.018161483108997345,0.8244410157203674,0.13923602551221848
2014-03-03,0.01345839723944664,0.9559182524681091,0.03062337264418602,-0.9424598552286625
2014-03-06,0.8211700320243835,0.017368171364068985,0.16146185994148254,0.8038018606603146
2014-03-12,0.086094930768013,0.02974708005785942,0.8841579556465149,0.05634785071015358
2014-03-21,0.009230569005012512,0.9650554060935974,0.025714073330163956,-0.9558248370885849
2014-04-02,0.05984215438365936,0.01325712725520134,0.9269006848335266,0.04658502712845802
2014-04-06,0.054649606347084045,0.34114962816238403,0.6042007803916931,-0.2865000218153
2014-05-17,0.07266507297754288,0.07178667932748795,0.8555482625961304,0.0008783936500549316
2014-07-01,0.008036802522838116,0.9755873084068298,0.01637585647404194,-0.9675505058839917
2014-07-13,0.01086061354726553,0.959361732006073,0.029777608811855316,-0.9485011184588075
2014-07-29,0.07617839425802231,0.2684290111064911,0.655392587184906,-0.19225061684846878
2014-08-07,0.12416273355484009,0.27094346284866333,0.6048938035964966,-0.14678072929382324
2014-08-16,0.06742651760578156,0.02557443454861641,0.9069989919662476,0.041852083057165146
2014-09-16,0.03583452105522156,0.09741111099720001,0.8667543530464172,-0.061576589941978455
2014-10-01,0.026651257649064064,0.03169917315244675,0.9416495561599731,-0.005047915503382683
2014-10-12,0.01744230091571808,0.7358219027519226,0.24673575162887573,-0.7183796018362045
2014-10-26,0.5571972727775574,0.053574178367853165,0.38922858238220215,0.5036230944097042
2014-10-30,0.038805946707725525,0.051616426557302475,0.9095776677131653,-0.01281047984957695
2014-11-02,0.6172938346862793,0.01705455780029297,0.36565157771110535,0.6002392768859863
2014-11-03,0.6292229890823364,0.012238359078764915,0.3585387170314789,0.6169846300035715
2014-12-05,0.11848215013742447,0.018849726766347885,0.8626680970191956,0.09963242337107658
2015-01-18,0.04470214992761612,0.029614249244332314,0.9256836175918579,0.015087900683283806
2015-02-10,0.15147852897644043,0.2050466686487198,0.643474817276001,-0.05356813967227936
2015-02-18,0.12999485433101654,0.020609339699149132,0.8493958711624146,0.10938551463186741
2015-03-08,0.07571738213300705,0.029010988771915436,0.8952715992927551,0.046706393361091614
2015-03-23,0.03965681418776512,0.5918064713478088,0.36853668093681335,-0.5521496571600437
2015-03-25,0.022172298282384872,0.8337323665618896,0.14409537613391876,-0.8115600682795048
2015-04-02,0.025360889732837677,0.9018280506134033,0.07281111925840378,-0.8764671608805656
2015-04-03,0.6452591419219971,0.15834204852581024,0.19639883935451508,0.48691709339618683
2015-04-05,0.08868424594402313,0.013115784153342247,0.8981999158859253,0.07556846179068089
2015-04-07,0.1916172206401825,0.07523170858621597,0.7331510782241821,0.11638551205396652
2015-04-10,0.007178755477070808,0.9643563628196716,0.02846486307680607,-0.9571776073426008
2015-04-30,0.052935466170310974,0.08475427329540253,0.8623102903366089,-0.03181880712509155
2015-05-11,0.3168880045413971,0.03231286257505417,0.6507990956306458,0.2845751419663429
2015-06-19,0.07070860266685486,0.6714472770690918,0.25784412026405334,-0.6007386744022369
2015-06-23,0.02143975906074047,0.6579587459564209,0.32060152292251587,-0.6365189868956804
2015-07-09,0.14695118740200996,0.24427616503089666,0.6087726205587387,-0.0973249776288867
2015-07-28,0.00939837098121643,0.9572730660438538,0.033328548073768616,-0.9478746950626373
2015-07-29,0.019123323261737823,0.9001932144165039,0.08068348467350006,-0.8810698911547661
2015-08-06,0.0800585076212883,0.09110285341739655,0.8288386464118958,-0.011044345796108246
2015-08-07,0.09194397926330566,0.2968812882900238,0.6111747622489929,-0.20493730902671814
2015-08-17,0.055776774883270264,0.03460695967078209,0.9096162915229797,0.021169815212488174
2015-08-23,0.03490590304136276,0.48322799801826477,0.48186615109443665,-0.448322094976902
2015-08-25,0.920490026473999,0.04684453830122948,0.032665375620126724,0.8736454881727695
2015-09-15,0.01910272426903248,0.821681797504425,0.15921549499034882,-0.8025790732353926
2015-09-21,0.029876798391342163,0.2638593316078186,0.7062638401985168,-0.23398253321647644
2015-10-06,0.036412741988897324,0.06130843609571457,0.9022788405418396,-0.024895694106817245
2015-10-07,0.0515485554933548,0.015620957128703594,0.9328305125236511,0.0359275983646512
2015-10-09,0.04961911216378212,0.025980807840824127,0.9244000911712646,0.023638304322957993
2015-10-13,0.03351868689060211,0.2404714673757553,0.7260098457336426,-0.2069527804851532
2015-10-18,0.017031650990247726,0.9378032684326172,0.04516509547829628,-0.9207716174423695
2015-11-03,0.40600451827049255,0.013436236418783665,0.580559253692627,0.3925682818517089
2015-11-04,0.04189914092421532,0.9279261231422424,0.03017476387321949,-0.8860269822180271
2015-11-17,0.04382908344268799,0.028460953384637833,0.9277099967002869,0.015368130058050156
2015-11-19,0.07153517752885818,0.5440404415130615,0.3844243884086609,-0.47250526398420334
2015-12-11,0.13840405642986298,0.018207192420959473,0.8433887958526611,0.1201968640089035
2015-12-22,0.9542140960693359,0.023195020854473114,0.0225908774882555,0.9310190752148628
2015-12-29,0.24092014133930206,0.029287168756127357,0.7297927141189575,0.2116329725831747
2015-12-30,0.21128898859024048,0.020887156948447227,0.7678238749504089,0.19040183164179325
2016-01-05,0.010110891424119473,0.9616504907608032,0.028238525614142418,-0.9515395993366838
2016-01-21,0.19562946259975433,0.02588987722992897,0.7784806489944458,0.16973958536982536
2016-02-17,0.10111557692289352,0.019576748833060265,0.8793076276779175,0.08153882808983326
2016-02-22,0.046137817203998566,0.042465902864933014,0.9113962650299072,0.0036719143390655518
2016-02-24,0.23989759385585785,0.008649775758385658,0.751452624797821,0.2312478180974722
2016-03-18,0.39076048135757446,0.014684376306831837,0.594555139541626,0.3760761050507426
2016-03-20,0.01203268114477396,0.9467966556549072,0.04117072373628616,-0.9347639745101333
2016-03-30,0.0322476364672184,0.22404055297374725,0.7437118291854858,-0.19179291650652885
2016-04-24,0.6543521881103516,0.31671142578125,0.028936341404914856,0.33764076232910156
2016-04-25,0.06315018981695175,0.04512336477637291,0.8917264342308044,0.018026825040578842
2016-05-04,0.24230223894119263,0.012716980651021004,0.7449807524681091,0.22958525829017162
2016-05-10,0.05468928441405296,0.021592045202851295,0.9237186908721924,0.03309723921120167
2016-06-12,0.038921058177948,0.8742033839225769,0.08687565475702286,-0.8352823257446289
2016-06-14,0.3883875608444214,0.01697511412203312,0.5946373343467712,0.37141244672238827
2016-07-14,0.6921402215957642,0.01202402077615261,0.2958357334136963,0.6801162008196115
2016-07-20,0.03868069499731064,0.7693853974342346,0.19193391501903534,-0.730704702436924
2016-08-03,0.2322092205286026,0.19585973024368286,0.5719310641288757,0.03634949028491974
2016-08-15,0.6552430987358093,0.012057706713676453,0.332699179649353,0.6431853920221329
2016-08-25,0.597454845905304,0.1066746786236763,0.2958703935146332,0.49078016728162766
2016-08-30,0.012102521024644375,0.9353896379470825,0.05250779166817665,-0.9232871169224381
2016-09-08,0.03643110394477844,0.30119219422340393,0.6623766422271729,-0.2647610902786255
2016-10-03,0.9450967907905579,0.02374817617237568,0.03115503489971161,0.9213486146181822
2016-10-10,0.06028302013874054,0.032668717205524445,0.907048225402832,0.027614302933216095
2016-10-12,0.016041711438447237,0.9038970470428467,0.08006127923727036,-0.8878553356043994
2016-10-23,0.2698160707950592,0.07854235172271729,0.6516415476799011,0.19127371907234192
2016-10-24,0.18719050288200378,0.01797008514404297,0.7948394417762756,0.16922041773796082
2016-10-29,0.13320904970169067,0.018262693658471107,0.848528265953064,0.11494635604321957
2016-11-01,0.023835251107811928,0.9480482935905457,0.028116445988416672,-0.9242130424827337
2016-11-23,0.8771459460258484,0.010841237381100655,0.11201290786266327,0.8663047086447477
2017-01-13,0.09941927902400494,0.04390494618564844,0.8566757142543793,0.055514332838356495
2017-01-20,0.15037143230438232,0.01610424555838108,0.8335243463516235,0.13426718674600124
2017-01-27,0.051679980009794235,0.016603410243988037,0.9317166209220886,0.0350765697658062
2017-02-03,0.14335452020168304,0.017813965678215027,0.8388315439224243,0.12554055452346802
2017-02-05,0.0187095794826746,0.7331764698028564,0.24811391532421112,-0.7144668903201818
2017-02-06,0.9368026852607727,0.016572942957282066,0.0466243140399456,0.9202297423034906
2017-02-14,0.028586991131305695,0.19522841274738312,0.776184618473053,-0.16664142161607742
2017-03-02,0.07728446274995804,0.1410454511642456,0.781670093536377,-0.06376098841428757
2017-03-04,0.8947803378105164,0.022244080901145935,0.0829755961894989,0.8725362569093704
2017-03-07,0.07959939539432526,0.025862431153655052,0.8945382237434387,0.053736964240670204
2017-03-08,0.620372474193573,0.010110977105796337,0.3695164918899536,0.6102614970877767
2017-03-10,0.607394814491272,0.009769448079168797,0.38283571600914,0.5976253664121032
2017-03-16,0.04044485464692116,0.04498344287276268,0.9145716726779938,-0.004538588225841522
2017-04-04,0.751706063747406,0.008688858710229397,0.23960508406162262,0.7430172050371766
2017-04-05,0.11561986058950424,0.014741534367203712,0.8696386218070984,0.10087832622230053
2017-04-09,0.10871274024248123,0.04824558645486832,0.843041718006134,0.060467153787612915
2017-04-13,0.5051777958869934,0.050728004425764084,0.444094181060791,0.4544497914612293
2017-05-11,0.9210768342018127,0.012806899845600128,0.0661163479089737,0.9082699343562126
2017-05-15,0.12210723757743835,0.28294822573661804,0.5949445962905884,-0.1608409881591797
2017-05-23,0.1714130938053131,0.020416997373104095,0.8081699013710022,0.15099609643220901
2017-06-09,0.2248195856809616,0.012132487259805202,0.7630479335784912,0.2126870984211564
2017-06-28,0.8675657510757446,0.021260662004351616,0.11117354035377502,0.846305089071393
2017-07-12,0.8545526266098022,0.024966401979327202,0.1204809695482254,0.829586224630475
2017-07-19,0.28164204955101013,0.008856899105012417,0.7095010280609131,0.2727851504459977
2017-07-29,0.11425070464611053,0.39322566986083984,0.49252355098724365,-0.2789749652147293
2017-08-05,0.2527279555797577,0.008332869969308376,0.7389392256736755,0.24439508561044931
2017-08-14,0.017154338769614697,0.8666187524795532,0.116226926445961,-0.8494644137099385
2017-08-15,0.1571805626153946,0.01261489000171423,0.8302046060562134,0.14456567261368036
2017-08-22,0.0574887334369123,0.49524858966469765,0.4472626596689224,-0.43775985622778535
2017-08-29,0.03773542866110802,0.468754380941391,0.49351024627685547,-0.431018952280283
2017-08-31,0.127287819981575,0.012714117765426636,0.8599981069564819,0.11457370221614838
2017-09-02,0.010509476996958256,0.9318063259124756,0.05768421292304993,-0.9212968489155173
2017-09-05,0.0264718197286129,0.8723917603492737,0.10113635659217834,-0.8459199406206608
2017-09-12,0.3917805254459381,0.09379690885543823,0.5144225358963013,0.2979836165904999
2017-09-26,0.03864607214927673,0.8380663394927979,0.12328758835792542,-0.7994202673435211
2017-09-27,0.1330605447292328,0.009198457933962345,0.8577410578727722,0.12386208679527044
2017-10-15,0.047205276787281036,0.8480997681617737,0.10469500720500946,-0.8008944913744926
2017-10-16,0.03520185127854347,0.4447437524795532,0.5200543999671936,-0.40954190120100975
2017-10-19,0.0739726796746254,0.03999478369951248,0.8860325813293457,0.033977895975112915
2017-10-20,0.06181156635284424,0.024956244975328445,0.9132322669029236,0.03685532137751579
2017-10-27,0.8105093240737915,0.013313980773091316,0.17617665231227875,0.7971953433007002
2017-11-01,0.8951449394226074,0.019241582602262497,0.08561353385448456,0.8759033568203449
2017-11-08,0.027482841163873672,0.08938653767108917,0.8831306099891663,-0.0619036965072155
2017-11-17,0.030068624764680862,0.3537117838859558,0.6162195801734924,-0.32364315912127495
2017-11-23,0.31911709904670715,0.029825445264577866,0.6510574221611023,0.2892916537821293
2017-11-30,0.03749042842537165,0.6044691801071167,0.35804037004709244,-0.566978751681745
2017-12-01,0.05986213684082031,0.13915853202342987,0.8009793758392334,-0.07929639518260956
2017-12-02,0.7881619930267334,0.010407806374132633,0.20143024623394012,0.7777541866526008
2017-12-03,0.12285167723894119,0.023098016157746315,0.8540502786636353,0.09975366108119488
2017-12-06,0.06242692656815052,0.6549325436353683,0.2826404869556427,-0.5925056170672178
2017-12-07,0.5015719011425972,0.017762864474207163,0.4806651994585991,0.48380903666839004
2017-12-11,0.10187973827123642,0.02733098529279232,0.8707893490791321,0.0745487529784441
2017-12-27,0.9367497563362122,0.026486370712518692,0.03676389530301094,0.9102633856236935
2018-01-01,0.010516900569200516,0.9281712770462036,0.06131187453866005,-0.9176543764770031
2018-01-03,0.9012076258659363,0.02167842909693718,0.07711394876241684,0.8795291967689991
2018-01-15,0.9011741876602173,0.07362566888332367,0.025200141593813896,0.8275485187768936
2018-01-16,0.026123275980353355,0.5701243877410889,0.4037523865699768,-0.5440011117607355
2018-01-19,0.11999306455254555,0.041455596685409546,0.8385513424873352,0.078537467867136
2018-01-22,0.12490048259496689,0.013679786585271358,0.8614197373390198,0.11122069600969553
2018-02-05,0.38552865386009216,0.00943885836750269,0.6050324440002441,0.3760897954925895
2018-02-13,0.033357229083776474,0.02223236858844757,0.9444103837013245,0.011124860495328903
2018-02-18,0.13689273595809937,0.024972256273031235,0.8381350040435791,0.11192047968506813
2018-02-23,0.922667920589447,0.03752627223730087,0.039805784821510315,0.8851416483521461
2018-02-25,0.5244117975234985,0.016938013955950737,0.4586502015590668,0.5074737835675478
2018-02-27,0.6069212555885315,0.009876307100057602,0.383202463388443,0.5970449484884739
2018-04-05,0.7858201861381531,0.034712053835392,0.17946773767471313,0.7511081323027611
2018-04-12,0.02809959650039673,0.36779528856277466,0.6041050553321838,-0.33969569206237793
2018-04-18,0.03260445594787598,0.027781778946518898,0.9396138191223145,0.0048226770013570786
2018-04-28,0.1377725601196289,0.09124819189310074,0.7709792256355286,0.04652436822652817
2018-04-30,0.05598684027791023,0.01859128102660179,0.9254218935966492,0.03739555925130844
2018-05-03,0.015865715220570564,0.9299684166908264,0.05416586622595787,-0.9141027014702559
2018-05-08,0.11326971650123596,0.01567492075264454,0.8710553646087646,0.09759479574859142
2018-05-18,0.9315325617790222,0.013364759273827076,0.0551026351749897,0.9181678025051951
2018-05-29,0.4959917590022087,0.023608222603797913,0.4804000202566385,0.4723835363984108
2018-06-13,0.08425548672676086,0.03339612763375044,0.8823484182357788,0.050859359093010426
2018-06-14,0.014969121664762497,0.9651776552200317,0.019853239879012108,-0.9502085335552692
2018-06-20,0.4613038897514343,0.009442985989153385,0.5292531251907349,0.45186090376228094
2018-06-23,0.04187067970633507,0.778556227684021,0.17957299947738647,-0.7366855479776859
2018-06-28,0.09946487843990326,0.20707373321056366,0.6934613585472107,-0.1076088547706604
2018-07-13,0.05616294592618942,0.021424870938062668,0.9224121570587158,0.034738074988126755
2018-07-23,0.014092588797211647,0.9180639982223511,0.06784334033727646,-0.9039714094251394
2018-07-24,0.9503697752952576,0.012898983433842659,0.0367312952876091,0.9374707918614149
2018-07-30,0.060558680444955826,0.016780944541096687,0.9226602911949158,0.04377773590385914
2018-07-31,0.040098803117871284,0.3083266308531165,0.6515745371580124,-0.26822782773524523
2018-08-10,0.02640513703227043,0.9056720733642578,0.06792283058166504,-0.8792669363319874
2018-08-27,0.028025923296809196,0.7119916677474976,0.25998246669769287,-0.6839657444506884
2018-08-29,0.046923425048589706,0.6657668948173523,0.2873097360134125,-0.6188434697687626
2018-08-30,0.5261455550789833,0.020825563929975033,0.4530288763344288,0.5053199911490083
2018-09-13,0.011064540594816208,0.9694092273712158,0.01952625811100006,-0.9583446867763996
2018-09-14,0.042008183896541595,0.7683783769607544,0.189613476395607,-0.7263701930642128
2018-09-15,0.022769875824451447,0.1040293350815773,0.8732008337974548,-0.08125945925712585
2018-09-20,0.05337586998939514,0.05948110297322273,0.8871430158615112,-0.006105232983827591
2018-09-24,0.012371486984193325,0.9367031753063202,0.05092531442642212,-0.9243316883221269
2018-09-25,0.025823425501585007,0.08588292449712753,0.8882936537265778,-0.060059498995542526
2018-10-12,0.08242633938789368,0.014262809418141842,0.9033108353614807,0.06816352996975183
2018-10-15,0.0960768423974514,0.448569692671299,0.45535342395305634,-0.3524928502738476
2018-10-18,0.1061357855796814,0.04376870021224022,0.8500955104827881,0.06236708536744118
2018-10-21,0.345713771879673,0.29610188864171505,0.3581843227148056,0.049611883237957954
2018-10-31,0.022707244381308556,0.8396410942077637,0.1376516968011856,-0.8169338498264551
2018-11-02,0.03603520616889,0.055868279188871384,0.9080965518951416,-0.019833073019981384
2018-11-17,0.5618341565132141,0.022449051961302757,0.41571682691574097,0.5393851045519114
2018-11-20,0.11965157836675644,0.011369315907359123,0.8689790964126587,0.10828226245939732
2018-11-26,0.14295198023319244,0.01023187581449747,0.8468161225318909,0.13272010441869497
2018-11-27,0.5899823307991028,0.09912274777889252,0.3108949363231659,0.49085958302021027
2018-11-29,0.08376462757587433,0.11001447588205338,0.8062208890914917,-0.026249848306179047
2018-12-01,0.018898313865065575,0.8532792329788208,0.1278223693370819,-0.8343809191137552
2018-12-05,0.03655952215194702,0.39825642108917236,0.5651840567588806,-0.36169689893722534
2018-12-12,0.017688557505607605,0.903266429901123,0.07904504984617233,-0.8855778723955154
2018-12-22,0.03477083891630173,0.03464105725288391,0.9305881261825562,0.00012978166341781616
2019-01-02,0.12971630692481995,0.00979770626872778,0.8604860305786133,0.11991860065609217
2019-01-18,0.7319148778915405,0.011451296508312225,0.2566338777542114,0.7204635813832283
2019-01-26,0.040599554777145386,0.19010402262210846,0.769296407699585,-0.14950446784496307
2019-02-07,0.012420126236975193,0.9386417865753174,0.04893811047077179,-0.9262216603383422
2019-02-12,0.7425265908241272,0.007155798375606537,0.25031760334968567,0.7353707924485207
2019-02-20,0.032600545324385166,0.4790757205337286,0.4883237350732088,-0.44647517520934343
2019-02-22,0.0446796789765358,0.0337432324886322,0.9215771555900574,0.010936446487903595
2019-03-04,0.04141926020383835,0.2883589565753937,0.670221745967865,-0.24693969637155533
2019-03-18,0.9338386058807373,0.016543347388505936,0.04961800575256348,0.9172952584922314
2019-03-26,0.019297750666737556,0.9147204160690308,0.06598179787397385,-0.8954226654022932
2019-03-30,0.06272386759519577,0.012292849831283092,0.9249833226203918,0.05043101776391268
2019-04-03,0.8318800926208496,0.1040763333439827,0.06404361128807068,0.7278037592768669
2019-04-10,0.0945550873875618,0.09318448603153229,0.8122603893280029,0.0013706013560295105
2019-04-15,0.007795698940753937,0.9511821866035461,0.04102213680744171,-0.9433864876627922
2019-04-20,0.0665954053401947,0.852239191532135,0.08116545528173447,-0.7856437861919403
2019-05-03,0.08348184078931808,0.01395056676119566,0.9025676250457764,0.06953127402812243
2019-05-08,0.9171481132507324,0.015057479962706566,0.06779436022043228,0.9020906332880259
2019-05-11,0.01158517599105835,0.9594768285751343,0.028937986120581627,-0.9478916525840759
2019-05-13,0.03666835278272629,0.7398178577423096,0.22351382672786713,-0.7031495049595833
2019-05-15,0.023303426802158356,0.04373878985643387,0.9329578280448914,-0.020435363054275513
2019-05-28,0.027675142511725426,0.03943983092904091,0.9328850507736206,-0.011764688417315483
2019-05-29,0.11539478600025177,0.03299380838871002,0.8516113758087158,0.08240097761154175
2019-06-03,0.06803177297115326,0.17708201706409454,0.7548862099647522,-0.10905024409294128
2019-06-13,0.009010914713144302,0.9682692289352417,0.022719891741871834,-0.9592583142220974
2019-06-20,0.06307296454906464,0.0783267393708229,0.8586002588272095,-0.01525377482175827
2019-06-22,0.03715704381465912,0.03993922472000122,0.9229037165641785,-0.002782180905342102
2019-06-26,0.48303679190576077,0.2581512266770005,0.25881198421120644,0.22488556522876024
2019-07-08,0.0601300410926342,0.31973394751548767,0.620136022567749,-0.25960390642285347
2019-07-10,0.1310303956270218,0.016962295398116112,0.852007269859314,0.11406810022890568
2019-07-22,0.06990180909633636,0.023691563867032528,0.9064066708087921,0.04621024522930384
2019-07-24,0.684232622385025,0.12094759801402688,0.19481972977519035,0.5632850243709981
2019-07-26,0.12294294685125351,0.014379411935806274,0.8626775741577148,0.10856353491544724
2019-07-27,0.031197769567370415,0.05039753392338753,0.918404757976532,-0.019199764356017113
2019-08-11,0.07508362829685211,0.02007049446304639,0.9048458933830261,0.055013133833805725
2019-08-12,0.949650764465332,0.02539125829935074,0.02495797723531723,0.9242595061659813
2019-08-13,0.03144582733511925,0.053123556077480316,0.9154306054115295,-0.02167772874236107
2019-09-09,0.9463527798652649,0.017771074548363686,0.03587625175714493,0.9285817053169012
2019-09-10,0.15221279859542847,0.009769631549715996,0.8380175828933716,0.14244316704571247
2019-09-19,0.03965263658513626,0.6494434621805946,0.3109039117892583,-0.6097908255954583
2019-09-20,0.09089802205562592,0.8590052723884583,0.05009672790765762,-0.7681072503328323
2019-10-01,0.07433868199586868,0.033744629472494125,0.8919166326522827,0.04059405252337456
2019-10-14,0.13012993335723877,0.012361599132418633,0.8575084209442139,0.11776833422482014
2019-10-17,0.04219522327184677,0.025053488090634346,0.9327512383460999,0.017141735181212425
2019-10-24,0.04289104836061597,0.46463493816554546,0.4924740195274353,-0.4217438898049295
2019-11-05,0.015842763241380453,0.91618612408638,0.06797110196202993,-0.9003433608449996
2019-11-19,0.2023097425699234,0.02436827588826418,0.7733219861984253,0.17794146668165922
2019-11-28,0.019731469452381134,0.8404772281646729,0.139791339635849,-0.8207457587122917
2019-12-04,0.021413937211036682,0.8604972958564758,0.11808877438306808,-0.8390833586454391
2019-12-10,0.05304284766316414,0.018546532839536667,0.9284106492996216,0.03449631482362747
2019-12-11,0.8467468023300171,0.03374490514397621,0.11950835585594177,0.8130018971860409
2019-12-13,0.06751317530870438,0.03067217953503132,0.9018146991729736,0.03684099577367306
2019-12-19,0.026179291307926178,0.7272472381591797,0.24657346308231354,-0.7010679468512535
2019-12-28,0.07598578184843063,0.017507290467619896,0.9065069556236267,0.05847849138081074
2020-01-02,0.007406366057693958,0.9570338129997253,0.03555992990732193,-0.9496274469420314
2020-01-03,0.19796715676784515,0.023838281631469727,0.7781946063041687,0.17412887513637543
2020-01-04,0.006674301810562611,0.9633409380912781,0.029984785243868828,-0.9566666362807155
2020-01-06,0.6576767414808273,0.029659219086170197,0.3126640096306801,0.6280175223946571
2020-01-11,0.5003734827041626,0.4394170343875885,0.0602094829082489,0.0609564483165741
2020-01-15,0.08015383780002594,0.01672431081533432,0.9031218886375427,0.06342952698469162
2020-01-19,0.010759655386209488,0.9726808667182922,0.016559479758143425,-0.9619212113320827
2020-02-19,0.05754939094185829,0.43769291043281555,0.5047576427459717,-0.38014351949095726
2020-02-24,0.9224647879600525,0.018794232979416847,0.05874098464846611,0.9036705549806356
2020-03-03,0.1266232281923294,0.018319223076105118,0.8550575375556946,0.10830400511622429
2020-03-11,0.10544702410697937,0.011418811045587063,0.8831341862678528,0.09402821306139231
2020-03-25,0.9348722696304321,0.012655969709157944,0.05247172340750694,0.9222162999212742
2020-03-27,0.05371023342013359,0.023931821808218956,0.922357976436615,0.029778411611914635
2020-04-01,0.04453369975090027,0.03162917122244835,0.9238370656967163,0.01290452852845192
2020-04-10,0.03563825413584709,0.21754775941371918,0.746813952922821,-0.18190950527787209
2020-04-14,0.05466217175126076,0.20638194680213928,0.7389559149742126,-0.15171977505087852
2020-04-17,0.6445406079292297,0.017248906195163727,0.3382105529308319,0.627291701734066
2020-04-30,0.4637604057788849,0.01957844290882349,0.5166611820459366,0.4441819628700614
2020-05-06,0.013829569332301617,0.9136099219322205,0.07256051152944565,-0.8997803525999188
2020-05-13,0.26370449364185333,0.036508092656731606,0.699787437915802,0.22719640098512173
2020-05-14,0.025789029896259308,0.03464486449956894,0.9395661354064941,-0.008855834603309631
2020-05-24,0.10115879774093628,0.01812576688826084,0.8807153701782227,0.08303303085267544
2020-05-26,0.045847680419683456,0.01883895881474018,0.9353134036064148,0.027008721604943275
2020-05-28,0.01274719089269638,0.9114887714385986,0.07576397806406021,-0.8987415805459023
2020-05-31,0.012951991520822048,0.9477918148040771,0.03925614431500435,-0.9348398232832551
2020-06-02,0.535088062286377,0.04090682044625282,0.4240051209926605,0.49418124184012413
2020-06-10,0.862335205078125,0.05303838849067688,0.08462635427713394,0.8092968165874481
2020-06-11,0.035063110291957855,0.9257149696350098,0.039221812039613724,-0.8906518593430519
2020-06-15,0.16842760145664215,0.19047284126281738,0.6410995125770569,-0.022045239806175232
2020-06-17,0.03058900311589241,0.7246806025505066,0.24473033845424652,-0.6940915994346142
2020-07-01,0.03802237007766962,0.7508985698223114,0.2110790479928255,-0.7128761997446418
2020-07-06,0.028739452362060547,0.2165204882621765,0.7547400593757629,-0.18778103590011597
2020-07-15,0.010520879179239273,0.9704312086105347,0.019047921523451805,-0.9599103294312954
2020-07-26,0.013608422130346298,0.9502018690109253,0.03618977218866348,-0.936593446880579
2020-08-04,0.030268531292676926,0.7230569124221802,0.2466745227575302,-0.6927883811295033
2020-08-07,0.008174272254109383,0.9550967216491699,0.03672894090414047,-0.9469224493950605
2020-08-08,0.03229552507400513,0.027301060035824776,0.940403401851654,0.004994465038180351
2020-08-12,0.8425076603889465,0.023882010951638222,0.13361038267612457,0.8186256494373083
2020-08-23,0.8782907724380493,0.02219628170132637,0.09951294213533401,0.856094490736723
2020-08-25,0.02315390296280384,0.9258056282997131,0.051040440797805786,-0.9026517253369093
2020-09-07,0.038185734301805496,0.33544743061065674,0.6263668537139893,-0.29726169630885124
2020-09-09,0.018269396852701902,0.7696239650249481,0.2121066302061081,-0.7513545681722462
2020-09-11,0.017459934577345848,0.8294833302497864,0.15305675566196442,-0.8120233956724405
2020-10-03,0.01461692713201046,0.9695687294006348,0.01581437699496746,-0.9549518022686243
2020-10-20,0.027817673981189728,0.07266630232334137,0.8995160460472107,-0.04484862834215164
2020-10-21,0.04441652074456215,0.02561265043914318,0.9299708008766174,0.018803870305418968
2020-10-26,0.3482433259487152,0.06596065312623978,0.5857959985733032,0.28228267282247543
2020-10-28,0.3147549033164978,0.012478679418563843,0.672766387462616,0.30227622389793396
2020-10-31,0.011526749469339848,0.9407917261123657,0.0476815328001976,-0.9292649766430259
2020-11-04,0.16674980521202087,0.009935353882610798,0.823314905166626,0.15681445132941008
2020-11-05,0.143350288271904,0.008095731027424335,0.8485540151596069,0.13525455724447966
2020-11-06,0.05055011808872223,0.05042281746864319,0.8990271091461182,0.00012730062007904053
2020-11-09,0.01555715687572956,0.9322490096092224,0.052193835377693176,-0.9166918527334929
2020-11-10,0.7575225234031677,0.22033829987049103,0.022139254957437515,0.5371842235326767
2020-11-16,0.45593830198049545,0.2356188129633665,0.30844290802876156,0.22031948901712894
2020-11-26,0.018465012311935425,0.9482841491699219,0.03325086086988449,-0.9298191368579865
2020-12-04,0.011025235056877136,0.9197300672531128,0.06924471259117126,-0.9087048321962357
2020-12-21,0.05638957396149635,0.028730010613799095,0.9148803949356079,0.027659563347697258
2020-12-23,0.4540620297193527,0.032307892106473446,0.5136300474405289,0.4217541376128793
2020-12-28,0.07303616404533386,0.022858373820781708,0.9041054844856262,0.050177790224552155
2020-12-29,0.023886235430836678,0.5397624969482422,0.4363512098789215,-0.5158762615174055
2021-01-03,0.008935843594372272,0.97068190574646,0.020382318645715714,-0.9617460621520877
2021-01-04,0.08148306608200073,0.8323376774787903,0.0861792117357254,-0.7508546113967896
2021-01-20,0.050353266298770905,0.013875562697649002,0.935771107673645,0.0364777036011219
2021-01-31,0.04071469744667411,0.04018688667565584,0.9190983921289444,0.0005278107710182667
2021-02-01,0.03363092243671417,0.037217918783426285,0.929151177406311,-0.0035869963467121124
2021-02-03,0.9167819619178772,0.012111964635550976,0.07110607624053955,0.9046699972823262
2021-02-04,0.007451583165675402,0.9699678421020508,0.022580554708838463,-0.9625162589363754
2021-02-06,0.061888568103313446,0.019693482667207718,0.9184179306030273,0.04219508543610573
2021-02-09,0.14696387946605682,0.01524170022457838,0.8377944827079773,0.13172217924147844
2021-02-15,0.023022426292300224,0.042722899466753006,0.9342546463012695,-0.01970047317445278
2021-02-18,0.24154961109161377,0.10697832703590393,0.6514720320701599,0.13457128405570984
2021-02-24,0.25353026390075684,0.03898903355002403,0.7074806690216064,0.2145412303507328
2021-03-04,0.19797468185424805,0.008175656199455261,0.7938497066497803,0.18979902565479279
2021-03-12,0.46342283487319946,0.011173105798661709,0.5254040360450745,0.45224972907453775
2021-03-21,0.07544218748807907,0.019978277385234833,0.9045795202255249,0.05546391010284424
2021-03-24,0.8929686546325684,0.009556411765515804,0.09747488051652908,0.8834122428670526
2021-04-04,0.2253062129020691,0.038537491112947464,0.7361563444137573,0.18676872178912163
2021-04-05,0.19762025773525238,0.009025764651596546,0.7933540344238281,0.18859449308365583
2021-04-14,0.19213347136974335,0.008471663109958172,0.7993948459625244,0.18366180825978518
2021-04-20,0.5389981418848038,0.39150378108024597,0.0694980975240469,0.1474943608045578
2021-05-05,0.12055479735136032,0.02290956862270832,0.8565356731414795,0.097645228728652
2021-05-12,0.9270002841949463,0.010463331826031208,0.06253636628389359,0.9165369523689151
2021-05-14,0.09816025197505951,0.03183529153466225,0.870004415512085,0.06632496044039726
2021-05-26,0.48176413774490356,0.02169899269938469,0.49653691053390503,0.4600651450455189
2021-05-31,0.04059107229113579,0.6534005403518677,0.30600839853286743,-0.6128094680607319
2021-06-03,0.050215594470500946,0.2542567849159241,0.6955276131629944,-0.20404119044542313
2021-06-05,0.0441884770989418,0.4603106677532196,0.4955008327960968,-0.4161221906542778
2021-06-17,0.4815494976937771,0.4298707451671362,0.0885796882212162,0.05167875252664089
2021-06-22,0.03551806882023811,0.05916552245616913,0.9053164720535278,-0.023647453635931015
2021-06-24,0.11047010123729706,0.034561727195978165,0.8549681305885315,0.0759083740413189
2021-06-28,0.3330349028110504,0.011082016862928867,0.6558830738067627,0.32195288594812155
2021-06-29,0.7668110132217407,0.013023031875491142,0.22016596794128418,0.7537879813462496
2021-07-05,0.1460493952035904,0.09748826920986176,0.7564623355865479,0.04856112599372864
2021-07-13,0.3361105639487505,0.3032549135386944,0.36063452064991,0.032855650410056114
2021-07-16,0.13551339507102966,0.013664836063981056,0.8508217334747314,0.1218485590070486
2021-07-20,0.051772795617580414,0.017457203939557076,0.9307699799537659,0.03431559167802334
2021-07-31,0.20187635719776154,0.010312139987945557,0.7878114581108093,0.19156421720981598
2021-08-04,0.2570721209049225,0.01024431549012661,0.7326835989952087,0.24682780541479588
2021-08-05,0.06339894235134125,0.04295970872044563,0.8936413526535034,0.020439233630895615
2021-08-09,0.6706833839416504,0.013073956593871117,0.31624266505241394,0.6576094273477793
2021-08-13,0.01539365854114294,0.8848517537117004,0.09975453466176987,-0.8694580951705575
2021-08-26,0.9239176511764526,0.02397409826517105,0.05210820212960243,0.8999435529112816
2021-09-01,0.7890947461128235,0.01982240378856659,0.19108280539512634,0.7692723423242569
2021-09-11,0.9301698803901672,0.01478738896548748,0.05504274368286133,0.9153824914246798
2021-09-13,0.01747608184814453,0.8505843281745911,0.13193964958190918,-0.8331082463264465
2021-09-19,0.07106124609708786,0.06316347420215607,0.8657752275466919,0.007897771894931793
2021-09-24,0.03345619887113571,0.9457824230194092,0.02076144516468048,-0.9123262241482735
2021-09-26,0.02941940724849701,0.6222006678581238,0.348379909992218,-0.5927812606096268
2021-09-27,0.26652274280786514,0.05418096110224724,0.6792962551116943,0.2123417817056179
2021-09-29,0.09218987822532654,0.02577173989266157,0.8820383250713348,0.06641813833266497
2021-10-05,0.4052898784478505,0.2680383771657944,0.3266717704633872,0.13725150128205615
2021-10-06,0.45692063122987747,0.09301480744034052,0.4500645324587822,0.36390582378953695
2021-10-08,0.42478223890066147,0.031943079084157944,0.5432746857404709,0.3928391598165035
2021-10-10,0.09859506040811539,0.022322405129671097,0.8790825009346008,0.07627265527844429
2021-10-11,0.017806420102715492,0.9051029086112976,0.07709064334630966,-0.8872964885085821
2021-10-12,0.06647075340151787,0.4467177639404933,0.48681145161390305,-0.3802470105389754
2021-10-15,0.1877918690443039,0.014120063744485378,0.7980880737304688,0.17367180529981852
2021-10-29,0.17940126359462738,0.023474235087633133,0.7971245050430298,0.15592702850699425
2021-11-01,0.39559608697891235,0.01592983864247799,0.5884740352630615,0.37966624833643436
2021-11-04,0.08388061076402664,0.03846738487482071,0.8776519894599915,0.04541322588920593
2021-11-10,0.42728156223893166,0.42965894704684615,0.14305946789681911,-0.0023773848079144955
2021-11-15,0.08603318780660629,0.5807124376296997,0.3332543969154358,-0.4946792498230934
2021-11-17,0.1992906630039215,0.13217230141162872,0.6685370802879333,0.06711836159229279
2021-11-21,0.8323742151260376,0.007999751716852188,0.1596260517835617,0.8243744634091854
2021-11-22,0.0844731479883194,0.017989350482821465,0.8975374698638916,0.06648379750549793
2021-12-02,0.042328618466854095,0.5507736802101135,0.4068976938724518,-0.5084450617432594
2021-12-05,0.011433850042521954,0.9607057571411133,0.027860350906848907,-0.9492719070985913
2021-12-07,0.15103159844875336,0.03236092999577522,0.8166074156761169,0.11867066845297813
2021-12-09,0.1118365004658699,0.015683535486459732,0.8724799752235413,0.09615296497941017
2021-12-11,0.04696901515126228,0.9388846158981323,0.014146392233669758,-0.89191560074687
2021-12-13,0.5077598094940186,0.1809224784374237,0.31131768226623535,0.32683733105659485
2021-12-14,0.3692714273929596,0.014832370914518833,0.6158961653709412,0.35443905647844076
2021-12-19,0.3737765848636627,0.09970074146986008,0.5265226364135742,0.27407584339380264
2021-12-29,0.6949841976165771,0.07600133121013641,0.22901450097560883,0.6189828664064407
2022-01-03,0.860294759273529,0.030803022906184196,0.10890219360589981,0.8294917363673449
2022-01-04,0.8465183973312378,0.02624610811471939,0.12723544239997864,0.8202722892165184
2022-01-07,0.827067494392395,0.009703008458018303,0.16322943568229675,0.8173644859343767
2022-01-11,0.19188237190246582,0.29955795407295227,0.5085596442222595,-0.10767558217048645
2022-01-13,0.03702906146645546,0.015405896119773388,0.9475650787353516,0.02162316534668207
2022-01-17,0.03693454712629318,0.49315405637025833,0.46991138346493244,-0.45621950924396515
2022-01-20,0.09917331486940384,0.7492991089820862,0.15152764320373535,-0.6501257941126823
2022-01-31,0.10723382234573364,0.011114316061139107,0.8816518783569336,0.09611950628459454
2022-02-01,0.2552816569805145,0.03078853152692318,0.7139297723770142,0.22449312545359135
2022-02-02,0.8408358097076416,0.01092518214136362,0.14823901653289795,0.829910627566278
2022-02-03,0.9280028939247131,0.024987895041704178,0.04700923338532448,0.903014998883009
2022-02-07,0.9295472502708435,0.043749261647462845,0.02670353837311268,0.8857979886233807
2022-02-15,0.8966581225395203,0.025289347395300865,0.07805253565311432,0.8713687751442194
2022-02-16,0.19325882568955421,0.027726820670068264,0.7790143489837646,0.16553200501948595
2022-02-23,0.2447689026594162,0.7215572595596313,0.033673834055662155,-0.47678835690021515
2022-02-28,0.10935892816632986,0.4697548081167042,0.42088623717427254,-0.36039587995037436
2022-03-02,0.8141852021217346,0.010588794946670532,0.17522603273391724,0.8035964071750641
2022-03-07,0.05913708359003067,0.3592223525047302,0.5816406011581421,-0.30008526891469955
2022-03-15,0.756140947341919,0.013694711029529572,0.23016434907913208,0.7424462363123894
2022-03-16,0.4443387985229492,0.02374078519642353,0.5319204330444336,0.4205980133265257
2022-03-20,0.7573935985565186,0.014939160086214542,0.2276671826839447,0.742454438470304
2022-03-24,0.10220680758357048,0.14725886844098568,0.750534325838089,-0.0450520608574152
2022-03-25,0.05448614060878754,0.05557674542069435,0.889937162399292,-0.0010906048119068146
2022-03-27,0.886140763759613,0.009102817624807358,0.10475647449493408,0.8770379461348057
2022-04-04,0.34975042939186096,0.02844768762588501,0.621801882982254,0.32130274176597595
2022-04-05,0.695346474647522,0.05885269120335579,0.24580085277557373,0.6364937834441662
2022-04-08,0.31869375705718994,0.03469712659716606,0.6466091275215149,0.2839966304600239
2022-04-09,0.01698637567460537,0.8977362513542175,0.08527731895446777,-0.8807498756796122
2022-04-19,0.035416051745414734,0.876814067363739,0.08776986598968506,-0.8413980156183243
2022-04-20,0.03950103372335434,0.7346387505531311,0.225860133767128,-0.6951377168297768
2022-04-27,0.44228479266166687,0.527128279209137,0.030586952343583107,-0.08484348654747009
2022-04-29,0.08887544460594654,0.06076844781637192,0.8503561019897461,0.028106996789574623
2022-05-17,0.7947348356246948,0.04651801288127899,0.15874721109867096,0.7482168227434158
2022-05-19,0.04292754456400871,0.05566265061497688,0.9014098048210144,-0.01273510605096817
2022-05-22,0.7080509066581726,0.011803210712969303,0.28014591336250305,0.6962476959452033
2022-05-24,0.9322262406349182,0.012242983095347881,0.05553077161312103,0.9199832575395703
2022-05-25,0.023900145664811134,0.48834893107414246,0.48775091767311096,-0.4644487854093313
2022-05-27,0.012602885253727436,0.9673359990119934,0.020061111077666283,-0.954733113758266
2022-05-30,0.156485453248024,0.7290365695953369,0.11447802186012268,-0.5725511163473129
2022-05-31,0.3787463903427124,0.008391247130930424,0.6128624081611633,0.370355143211782
2022-06-02,0.05097061023116112,0.8424491882324219,0.10658019036054611,-0.7914785780012608
2022-06-03,0.9359931349754333,0.027059117332100868,0.03694774955511093,0.9089340176433325
2022-06-04,0.05329349637031555,0.06583046913146973,0.8808760046958923,-0.012536972761154175
2022-06-06,0.2589268684387207,0.13891597092151642,0.6021571755409241,0.12001089751720428
2022-06-08,0.3573438227176666,0.011584964580833912,0.6310712695121765,0.3457588581368327
2022-06-09,0.7828117609024048,0.00962132215499878,0.20756688714027405,0.773190438747406
2022-06-11,0.9291598200798035,0.04043322056531906,0.030406977981328964,0.8887265995144844
2022-06-18,0.03244577720761299,0.885032594203949,0.08252158761024475,-0.852586816996336
2022-06-23,0.008474479429423809,0.9566172361373901,0.03490825369954109,-0.9481427567079663
2022-06-28,0.09734725207090378,0.013907290995121002,0.8887454867362976,0.08343996107578278
2022-07-04,0.039071206003427505,0.2993301749229431,0.6615985631942749,-0.2602589689195156
2022-07-12,0.13590256869792938,0.019033867865800858,0.8450635671615601,0.11686870083212852
2022-07-13,0.1104201078414917,0.2833321690559387,0.6062477231025696,-0.17291206121444702
2022-07-19,0.24270054697990417,0.11296932399272919,0.6443302035331726,0.129731222987175
2022-07-20,0.018809165805578232,0.5194725468754768,0.4617183357477188,-0.5006633810698986
2022-07-22,0.2147098034620285,0.6512610912322998,0.1340291053056717,-0.4365512877702713
2022-07-26,0.4271002970635891,0.5367318317294121,0.03616785258054733,-0.10963153466582298
2022-07-27,0.01315500307828188,0.9488019943237305,0.03804297745227814,-0.9356469912454486
2022-08-16,0.014133654534816742,0.8721204996109009,0.11374590545892715,-0.8579868450760841
2022-08-20,0.01413627527654171,0.8857558965682983,0.10010790824890137,-0.8716196212917566
2022-08-21,0.6788204312324524,0.013003230094909668,0.3081763982772827,0.6658172011375427
2022-08-25,0.07296955585479736,0.0677364394068718,0.8592939376831055,0.005233116447925568
2022-08-26,0.009929738007485867,0.9370245337486267,0.05304575338959694,-0.9270947957411408
2022-08-27,0.020835617557168007,0.8168474435806274,0.16231700778007507,-0.7960118260234594
2022-08-29,0.0831751897931099,0.4564345180988312,0.46039027720689774,-0.3732593283057213
2022-08-30,0.026319690980017185,0.742697685956955,0.23098259791731834,-0.7163779949769378
2022-08-31,0.4364334251731634,0.4138689460232854,0.14969763904809952,0.022564479149878025
2022-09-08,0.027535706758499146,0.48757037334144115,0.48489394783973694,-0.460034666582942
2022-09-09,0.06085451692342758,0.017239026725292206,0.9219065308570862,0.043615490198135376
2022-09-11,0.9445844292640686,0.018923195078969002,0.03649229183793068,0.9256612341850996
2022-09-14,0.32911163568496704,0.3014110326766968,0.3694773316383362,0.027700603008270264
2022-09-16,0.013682156801223755,0.9411975741386414,0.04512021690607071,-0.9275154173374176
2022-09-20,0.018458800856024027,0.5563526898622513,0.4251884985715151,-0.5378938890062273
2022-09-27,0.03219156339764595,0.5991559028625488,0.36865249276161194,-0.5669643394649029
2022-10-01,0.007842830382287502,0.9709160923957825,0.02124110609292984,-0.963073262013495
2022-10-04,0.008816559799015522,0.9544796943664551,0.03670366853475571,-0.9456631345674396
2022-10-05,0.01309071946889162,0.9119402170181274,0.07496897876262665,-0.8988494975492358
2022-10-06,0.2969709634780884,0.12793023884296417,0.5750988125801086,0.1690407246351242
2022-10-10,0.08144532889127731,0.25369518995285034,0.6648594737052917,-0.17224986106157303
2022-10-11,0.014128755778074265,0.897311270236969,0.08855994045734406,-0.8831825144588947
2022-10-13,0.008098645135760307,0.9524819850921631,0.0394192636013031,-0.9443833399564028
2022-10-17,0.017303859815001488,0.8599538207054138,0.12274231016635895,-0.8426499608904123
2022-10-19,0.2871287167072296,0.6643221974372864,0.04854900762438774,-0.37719348073005676
2022-10-30,0.0233796420507133,0.9131147563457489,0.06350557319819927,-0.8897351142950356
2022-10-31,0.0878644809126854,0.029307343065738678,0.8828281760215759,0.058557137846946716
2022-11-01,0.017697622999548912,0.9459601640701294,0.03634224459528923,-0.9282625410705805
2022-11-04,0.028499847277998924,0.68082594871521,0.29067420959472656,-0.652326101437211
2022-11-06,0.03098318399861455,0.5009558722376823,0.4680609293282032,-0.4699726882390678
2022-11-15,0.034972481429576874,0.051052868366241455,0.9139746427536011,-0.01608038693666458
2022-11-16,0.03543407469987869,0.035305485129356384,0.9292604923248291,0.00012858957052230835
2022-11-20,0.06253889203071594,0.6751461029052734,0.2623150646686554,-0.6126072108745575
2022-11-22,0.014431940391659737,0.9466440677642822,0.038923993706703186,-0.9322121273726225
2022-12-01,0.01440969854593277,0.8650656342506409,0.12052465975284576,-0.8506559357047081
2022-12-08,0.018809523433446884,0.9505640268325806,0.030626418069005013,-0.9317545033991337
2022-12-21,0.01575375348329544,0.8454053401947021,0.1388409435749054,-0.8296515867114067
2022-12-31,0.10592753440141678,0.013044952414929867,0.8810274600982666,0.09288258198648691
2023-01-01,0.032729634549468756,0.7189969122409821,0.24827343598008156,-0.6862672776915133
2023-01-02,0.041025809943675995,0.8868234157562256,0.07215079665184021,-0.8457976058125496
2023-01-05,0.3897627294063568,0.011247973889112473,0.5989893078804016,0.37851475551724434
2023-01-08,0.06340309977531433,0.6129838228225708,0.3236130177974701,-0.5495807230472565
2023-01-18,0.014193774200975895,0.8364932537078857,0.14931295812129974,-0.8222994795069098
2023-01-22,0.7972385883331299,0.01379381213337183,0.18896760046482086,0.783444776199758
2023-01-31,0.21224057720974088,0.474798038136214,0.3129613660275936,-0.26255746092647314
2023-02-01,0.9094309210777283,0.027259785681962967,0.06330925226211548,0.8821711353957653
2023-02-08,0.25495338688294095,0.07686229857305686,0.6681843101978302,0.17809108830988407
2023-02-13,0.14774544537067413,0.011911707930266857,0.8403428196907043,0.13583373744040728
2023-02-26,0.01527773030102253,0.8415482640266418,0.14317400380969048,-0.8262705337256193
2023-02-27,0.07508768141269684,0.6453297734260559,0.27958253026008606,-0.5702420920133591
2023-03-03,0.09097347408533096,0.06008892506361008,0.8489376306533813,0.030884549021720886
2023-03-05,0.01850959286093712,0.9206398725509644,0.060850590467453,-0.9021302796900272
2023-03-13,0.03955076076090336,0.03967053256928921,0.920778751373291,-0.000119771808385849
2023-03-16,0.02550591714680195,0.055040668696165085,0.9194533824920654,-0.029534751549363136
2023-03-22,0.0724136233329773,0.02895178459584713,0.8986345529556274,0.043461838737130165
2023-03-23,0.0352160818874836,0.03463301062583923,0.9301509261131287,0.0005830712616443634
2023-03-24,0.01359111163765192,0.9514585137367249,0.03495036065578461,-0.9378674020990729
2023-04-08,0.011617951095104218,0.946316659450531,0.04206538945436478,-0.9346987083554268
2023-04-13,0.8496896624565125,0.012462666258215904,0.13784773647785187,0.8372269961982965
2023-04-14,0.09583396650850773,0.6653301566839218,0.23883581906557083,-0.5694961901754141
2023-04-15,0.06244616210460663,0.027851803228259087,0.9097020030021667,0.03459435887634754
2023-04-18,0.05203377082943916,0.05505765974521637,0.8929085731506348,-0.0030238889157772064
2023-04-20,0.02666451968252659,0.4037799537181854,0.5695555806159973,-0.37711543403565884
2023-05-06,0.19216325879096985,0.02419617772102356,0.7836405634880066,0.1679670810699463
2023-05-07,0.7191253304481506,0.012592998333275318,0.26828160881996155,0.7065323321148753
2023-05-08,0.009596837684512138,0.9550493359565735,0.035353884100914,-0.9454524982720613
2023-05-12,0.10237728804349899,0.010740439407527447,0.8868823051452637,0.09163684863597155
2023-05-15,0.2063767910003662,0.013289961963891983,0.7803332209587097,0.19308682903647423
2023-05-17,0.0846518874168396,0.025975629687309265,0.8893724679946899,0.058676257729530334
2023-05-21,0.008610351011157036,0.9623104929924011,0.029079068452119827,-0.9537001419812441
2023-05-22,0.6014338135719299,0.015439579728990793,0.3831266015768051,0.5859942338429391
2023-05-23,0.10601983964443207,0.18953680992126465,0.7044432759284973,-0.08351697027683258
2023-05-24,0.2903052046895027,0.016499140299856663,0.6931956112384796,0.27380606438964605
2023-06-03,0.008724906481802464,0.9625298976898193,0.02874523587524891,-0.9538049912080169
2023-06-07,0.019463669508695602,0.942900538444519,0.03763580322265625,-0.9234368689358234
2023-06-09,0.9375505447387695,0.021036025136709213,0.04141337424516678,0.9165145196020603
2023-06-13,0.07924695312976837,0.6774410605430603,0.24331197142601013,-0.5981941074132919
2023-06-17,0.035046324133872986,0.49208781123161316,0.47286587953567505,-0.4570414870977402
2023-06-19,0.12933090329170227,0.07896718382835388,0.7917019724845886,0.05036371946334839
2023-06-20,0.10977549850940704,0.018623990938067436,0.8716005682945251,0.09115150757133961
2023-06-26,0.021002708468586206,0.6615847796201706,0.31741251051425934,-0.6405820711515844
2023-06-27,0.030996451154351234,0.1538277268409729,0.8151757717132568,-0.12283127568662167
2023-06-28,0.016672955825924873,0.9353371858596802,0.04798981919884682,-0.9186642300337553
2023-07-05,0.046967506408691406,0.2843506336212158,0.6686818599700928,-0.23738312721252441
2023-07-10,0.007906434126198292,0.9590647220611572,0.03302890807390213,-0.9511582879349589
2023-07-12,0.026705237105488777,0.4511304497718811,0.5221643447875977,-0.4244252126663923
2023-07-13,0.8594664037227631,0.07413269393146038,0.06640088837593794,0.7853337097913027
2023-07-14,0.6063155084848404,0.012980506289750338,0.380703940987587,0.59333500219509
2023-07-16,0.016521211713552475,0.9297862648963928,0.0536925345659256,-0.9132650531828403
2023-07-20,0.7707404494285583,0.013664326630532742,0.21559524536132812,0.7570761227980256
2023-07-25,0.7013399004936218,0.01021426822990179,0.2884458303451538,0.69112563226372
2023-07-26,0.03391924872994423,0.9009965062141418,0.06508426368236542,-0.8670772574841976
2023-08-01,0.21264616027474403,0.07605779450386763,0.7112959921360016,0.1365883657708764
2023-08-03,0.0400581955909729,0.7807201743125916,0.17922158539295197,-0.7406619787216187
2023-08-04,0.6621912717819214,0.04007280245423317,0.29773595929145813,0.6221184693276882
2023-08-11,0.013112679123878479,0.9548619985580444,0.0320252887904644,-0.941749319434166
2023-08-12,0.007920990698039532,0.9718643426895142,0.020214615389704704,-0.9639433519914746
2023-08-16,0.07818980515003204,0.05700480565428734,0.8648054003715515,0.021184999495744705
2023-08-18,0.3583052158355713,0.020592108368873596,0.6211026906967163,0.3377131074666977
2023-08-20,0.1202128678560257,0.01838509552180767,0.8614020347595215,0.10182777233421803
2023-08-24,0.6978318691253662,0.11754273623228073,0.18462544679641724,0.5802891328930855
2023-08-30,0.132100161164999,0.04398038564249873,0.8239194452762604,0.08811977552250028
2023-09-02,0.02482810989022255,0.0426759198307991,0.9324960112571716,-0.017847809940576553
2023-09-07,0.08863066136837006,0.019651569426059723,0.8917177319526672,0.06897909194231033
2023-09-09,0.7833675742149353,0.036175649613142014,0.1804567277431488,0.7471919246017933
2023-09-12,0.09832660853862762,0.02084694243967533,0.880826473236084,0.0774796660989523
2023-09-13,0.06156054511666298,0.02467886544764042,0.9137605428695679,0.03688167966902256
2023-09-16,0.014633726328611374,0.9138668775558472,0.07149937003850937,-0.8992331512272358
2023-09-17,0.3649490177631378,0.01336075458675623,0.6216902136802673,0.3515882631763816
2023-09-18,0.3545443071052432,0.37374655343592167,0.2717091590166092,-0.019202246330678463
2023-09-19,0.03089139424264431,0.8011715412139893,0.16793707013130188,-0.770280146971345
2023-09-30,0.3984373025596142,0.374914800748229,0.22664789855480194,0.023522501811385155
2023-10-04,0.1878786189481616,0.5003440137952566,0.31177738308906555,-0.312465394847095
2023-10-06,0.20049156248569489,0.2587504982948303,0.540757954120636,-0.05825893580913544
2023-10-07,0.2593220832447211,0.053198605154951416,0.6874793072541555,0.2061234780897697
2023-10-11,0.5084390752017498,0.02081476105377078,0.4707461968064308,0.487624314147979
2023-10-12,0.9425104856491089,0.01760750636458397,0.039881959557533264,0.9249029792845249
2023-10-19,0.042223986238241196,0.812092661857605,0.14568325877189636,-0.7698686756193638
2023-10-20,0.021337684243917465,0.8228933215141296,0.15576907992362976,-0.8015556372702122
2023-10-27,0.10549884103238583,0.11349086090922356,0.7810102999210358,-0.00799201987683773
2023-11-07,0.011595800518989563,0.9593997001647949,0.029004478827118874,-0.9478038996458054
2023-11-09,0.06267505139112473,0.8673086762428284,0.07001622021198273,-0.8046336248517036
2023-11-13,0.014187762513756752,0.9368157386779785,0.0489964634180069,-0.9226279761642218
2023-11-20,0.014292021282017231,0.8003228306770325,0.18538518249988556,-0.7860308093950152
2023-11-22,0.24715979397296906,0.015542426146566868,0.7372977137565613,0.2316173678264022
2023-11-25,0.010661903768777847,0.9697087407112122,0.019629403948783875,-0.9590468369424343
2023-11-26,0.06907471641898155,0.2088786531239748,0.7220466434955597,-0.13980393670499325
2023-11-29,0.33734503388404846,0.010792131535708904,0.6518628597259521,0.32655290234833956
2023-11-30,0.45150238275527954,0.0225862804800272,0.5259113311767578,0.42891610227525234
2023-12-05,0.29881975799798965,0.01406272454187274,0.6871174871921539,0.2847570334561169
2023-12-06,0.01012705359607935,0.9567290544509888,0.03314395248889923,-0.9466020008549094
2023-12-07,0.9278705716133118,0.013828277587890625,0.0583011731505394,0.9140422940254211
2023-12-08,0.03945542499423027,0.034005388617515564,0.9265391826629639,0.005450036376714706
2023-12-13,0.057334866374731064,0.9066227674484253,0.03604229912161827,-0.8492879010736942
2023-12-21,0.007794720120728016,0.9565672874450684,0.03563803806900978,-0.9487725673243403
2023-12-29,0.028454789891839027,0.03395749628543854,0.9375876784324646,-0.00550270639359951
2024-01-01,0.6549543738365173,0.010374393314123154,0.3346712589263916,0.6445799805223942
2024-01-03,0.09119128668680787,0.4912982853129506,0.41751043777912855,-0.40010699862614274
2024-01-16,0.043173596262931824,0.02028590627014637,0.9365404844284058,0.022887689992785454
2024-01-24,0.8372992277145386,0.08487777411937714,0.0778229758143425,0.7524214535951614
2024-01-25,0.0360962450504303,0.25529229640960693,0.7086114287376404,-0.21919605135917664
2024-01-29,0.5659140845139822,0.25867751364906627,0.17540842046340308,0.3072365708649159
2024-01-31,0.07707192748785019,0.555280014872551,0.36764806136488914,-0.4782080873847008
2024-02-01,0.03741864487528801,0.8048382997512817,0.15774311125278473,-0.7674196548759937
2024-02-02,0.03323962911963463,0.8943378329277039,0.07242259383201599,-0.8610982038080692
2024-02-04,0.893028974533081,0.021644126623868942,0.08532682061195374,0.8713848479092121
2024-02-07,0.05903247371315956,0.9232909679412842,0.01767655834555626,-0.8642584942281246
2024-02-11,0.03794744983315468,0.022044291719794273,0.9400082230567932,0.015903158113360405
2024-02-15,0.2954898476600647,0.008352519944310188,0.6961576342582703,0.2871373277157545
2024-02-16,0.04638336971402168,0.03303465619683266,0.9205819368362427,0.013348713517189026
2024-02-17,0.043287135660648346,0.9220755100250244,0.03463735431432724,-0.8787883743643761
2024-02-18,0.030876969918608665,0.03341948613524437,0.9357035160064697,-0.002542516216635704
2024-02-20,0.9054048657417297,0.06587788462638855,0.02871716395020485,0.8395269811153412
2024-02-21,0.2147342711687088,0.14166198670864105,0.6436037421226501,0.07307228446006775
2024-02-27,0.013538784347474575,0.9615453481674194,0.02491583861410618,-0.9480065638199449
2024-02-29,0.1630840003490448,0.047434233129024506,0.7894816994667053,0.1156497672200203
2024-03-01,0.38739147782325745,0.04696505144238472,0.5656434893608093,0.3404264263808727
2024-03-02,0.05172676220536232,0.021395759657025337,0.9268774390220642,0.030331002548336983
2024-03-04,0.15219212137162685,0.25645547546446323,0.5913524031639099,-0.10426335409283638
2024-03-09,0.007913932204246521,0.9534283876419067,0.038657672703266144,-0.9455144554376602
2024-03-20,0.026376795023679733,0.9519493579864502,0.021673880517482758,-0.9255725629627705
2024-03-27,0.15674778819084167,0.010647349059581757,0.8326048851013184,0.14610043913125992
2024-04-01,0.06894282251596451,0.01440398208796978,0.9166532158851624,0.05453884042799473
2024-04-10,0.04387278109788895,0.024148350581526756,0.9319789409637451,0.01972443051636219
2024-04-16,0.14788047969341278,0.0247745793312788,0.8273448944091797,0.12310590036213398
2024-04-17,0.02198130451142788,0.03323821723461151,0.9447805285453796,-0.011256912723183632
2024-04-18,0.8849889039993286,0.05437210202217102,0.060638926923274994,0.8306168019771576
2024-04-20,0.4957875907421112,0.012837241403758526,0.4913751482963562,0.4829503493383527
2024-04-23,0.05016263481229544,0.4344398286193609,0.5153976045548916,-0.3842771938070655
2024-04-28,0.3757806420326233,0.009945440106093884,0.6142739057540894,0.3658352019265294
2024-05-03,0.1649569869041443,0.01579970307648182,0.819243311882019,0.14915728382766247
2024-05-04,0.3103967010974884,0.009176722727715969,0.6804265975952148,0.30121997836977243
2024-05-07,0.2018272429704666,0.04189271107316017,0.7562800049781799,0.15993453189730644
2024-06-04,0.07340652495622635,0.0231010764837265,0.9034923911094666,0.05030544847249985
2024-06-06,0.014066734351217747,0.9588934779167175,0.027039797976613045,-0.9448267435654998
2024-06-07,0.03406204283237457,0.037247683852910995,0.9286903142929077,-0.0031856410205364227
2024-06-08,0.5201188921928406,0.02094525471329689,0.45893579721450806,0.4991736374795437
2024-06-10,0.02506924979388714,0.058016642928123474,0.9169141054153442,-0.032947393134236336
2024-06-11,0.1642909198999405,0.017122088000178337,0.8185870051383972,0.14716883189976215
2024-06-13,0.7559252977371216,0.009430710226297379,0.23464396595954895,0.7464945875108242
2024-06-18,0.023041129112243652,0.8975314497947693,0.07942738384008408,-0.8744903206825256
2024-06-26,0.14093803334981203,0.4805716350674629,0.37849036231637,-0.3396336017176509
2024-06-27,0.12792868167161942,0.015902255661785603,0.8561690747737885,0.11202642600983381
2024-06-28,0.0413745753467083,0.023178596049547195,0.9354467988014221,0.018195979297161102
2024-06-29,0.0468575656414032,0.309526264667511,0.6436161398887634,-0.2626686990261078
2024-07-03,0.8018577694892883,0.010275193490087986,0.1878669559955597,0.7915825759992003
2024-07-15,0.1265299590304494,0.19165933458134532,0.6818106696009636,-0.06512937555089593
2024-07-16,0.025913323275744915,0.6246733466784159,0.3494133322189252,-0.598760023402671
2024-07-22,0.9403807520866394,0.021645894274115562,0.0379733145236969,0.9187348578125238
2024-07-24,0.06919613480567932,0.016232507303357124,0.9145714044570923,0.0529636275023222
2024-07-26,0.049449022859334946,0.02835928462445736,0.9221916794776917,0.021089738234877586
2024-07-28,0.018194841220974922,0.952150821685791,0.02965426817536354,-0.9339559804648161
2024-07-30,0.010679472237825394,0.9739491939544678,0.015371385961771011,-0.9632697217166424
2024-08-03,0.4253767803311348,0.010162163060158491,0.5644610226154327,0.4152146172709763
2024-08-07,0.18815264105796814,0.008478960022330284,0.8033683896064758,0.17967368103563786
2024-08-10,0.02378101460635662,0.9356971383094788,0.040521830320358276,-0.9119161237031221
2024-08-13,0.01366332732141018,0.9686117768287659,0.01772494800388813,-0.9549484495073557
2024-08-20,0.9243393540382385,0.012667415663599968,0.06299320608377457,0.9116719383746386
2024-08-21,0.11782200634479523,0.011804954148828983,0.870373010635376,0.10601705219596624
2024-08-26,0.04474053531885147,0.8510428667068481,0.1042165756225586,-0.8063023313879967
2024-08-28,0.02000303752720356,0.3149087429046631,0.6650882363319397,-0.2949057053774595
2024-09-02,0.041161976754665375,0.02183319628238678,0.9370048642158508,0.019328780472278595
2024-09-04,0.00838788878172636,0.9718686938285828,0.019743401557207108,-0.9634808050468564
2024-09-05,0.07904263585805893,0.01681116782128811,0.9041461944580078,0.06223146803677082
2024-09-06,0.021338483318686485,0.040604181587696075,0.9380573630332947,-0.01926569826900959
2024-09-09,0.014653620310127735,0.8855212330818176,0.0998251810669899,-0.8708676127716899
2024-09-12,0.006877850275486708,0.97086101770401,0.022261230275034904,-0.9639831674285233
2024-09-16,0.06062493845820427,0.5254104733467102,0.41396453976631165,-0.46478553488850594
2024-09-17,0.6840375860532125,0.1358483942846457,0.18011398365100226,0.5481891917685668
2024-09-18,0.11738067865371704,0.018354404717683792,0.8642649054527283,0.09902627393603325
2024-09-19,0.5006628036499023,0.4712420701980591,0.028095150366425514,0.02942073345184326
2024-09-20,0.07903121411800385,0.8829295635223389,0.03803916275501251,-0.803898349404335
2024-09-24,0.07057212293148041,0.8578322529792786,0.07159552723169327,-0.7872601300477982
2024-09-28,0.895893931388855,0.015367166139185429,0.0887388214468956,0.8805267652496696
2024-09-29,0.017206018790602684,0.9380595684051514,0.04473438486456871,-0.9208535496145487
2024-10-01,0.02972162514925003,0.29737165570259094,0.6729066967964172,-0.2676500305533409
2024-10-02,0.00816919282078743,0.9703187942504883,0.021512053906917572,-0.9621496014297009
2024-10-06,0.15974800288677216,0.017003199085593224,0.8232488036155701,0.14274480380117893
2024-10-09,0.02009926736354828,0.771804928779602,0.20809583365917206,-0.7517056614160538
2024-10-14,0.38040677923709154,0.14377679862082005,0.47581642121076584,0.2366299806162715
2024-10-15,0.041846795938909054,0.4716418283060193,0.48651133198291063,-0.42979503236711025
2024-10-17,0.02008182741701603,0.9110639691352844,0.06885424256324768,-0.8909821417182684
2024-10-20,0.011900515295565128,0.9697771072387695,0.018322352319955826,-0.9578765919432044
2024-10-21,0.010798887349665165,0.8986852169036865,0.09051597863435745,-0.8878863295540214
2024-10-24,0.5406883358955383,0.01552639715373516,0.4437852203845978,0.5251619387418032
2024-10-26,0.013658425770699978,0.9368866086006165,0.049454882740974426,-0.9232281828299165
2024-10-28,0.5216780304908752,0.24674785137176514,0.23157411813735962,0.2749301791191101
2024-11-01,0.03687119483947754,0.8037574291229248,0.15937137603759766,-0.7668862342834473
2024-11-04,0.04163089394569397,0.0192711278796196,0.9390979409217834,0.02235976606607437
2024-11-05,0.052839308977127075,0.03060966357588768,0.9165510535240173,0.022229645401239395
2024-11-07,0.021450160071253777,0.9153818488121033,0.06316804140806198,-0.8939316887408495
2024-11-08,0.027487656101584435,0.948114812374115,0.024397507309913635,-0.9206271562725306
2024-11-10,0.8965424299240112,0.020926790311932564,0.08253078162670135,0.8756156396120787
2024-11-11,0.06309790909290314,0.06980477273464203,0.8670973181724548,-0.006706863641738892
2024-11-17,0.014721686951816082,0.942210853099823,0.04306744784116745,-0.9274891661480069
2024-11-18,0.16274088621139526,0.010986126028001308,0.8262730240821838,0.15175476018339396
2024-11-19,0.02181832306087017,0.07658220082521439,0.9015995264053345,-0.054763877764344215
2024-12-02,0.13054699823260307,0.4679791145026684,0.40147387981414795,-0.3374321162700653
2024-12-03,0.012511996552348137,0.9671524167060852,0.020335575565695763,-0.9546404201537371
2024-12-06,0.02378959394991398,0.046898432075977325,0.9293119311332703,-0.023108838126063347
2024-12-13,0.05082479491829872,0.8533610105514526,0.09581413865089417,-0.8025362156331539
2024-12-18,0.007906812243163586,0.9495974183082581,0.042495742440223694,-0.9416906060650945
2024-12-30,0.015390253625810146,0.9081264436244965,0.07648329064249992,-0.8927361899986863
2024-12-31,0.47347816824913025,0.01912674307823181,0.5073950886726379,0.45435142517089844
2025-01-01,0.9348804950714111,0.013809663243591785,0.05130977928638458,0.9210708318278193
2025-01-04,0.008899373933672905,0.9675086736679077,0.02359198033809662,-0.9586092997342348
2025-01-05,0.03450780361890793,0.422868013381958,0.5426241755485535,-0.3883602097630501
2025-01-06,0.7920811176300049,0.15621155500411987,0.051707349717617035,0.635869562625885
2025-01-07,0.8014618158340454,0.01945587992668152,0.17908230423927307,0.7820059359073639
2025-01-08,0.1893240651115775,0.033837017603218555,0.7768388986587524,0.15548704750835896
2025-01-09,0.465809628367424,0.27980569610372186,0.25438468903303146,0.18600393226370215
2025-01-10,0.015697991475462914,0.968359649181366,0.015942325815558434,-0.952661657705903
2025-01-11,0.009914656169712543,0.9627557396888733,0.027329597622156143,-0.9528410835191607
2025-01-13,0.9090596437454224,0.03317400440573692,0.05776624009013176,0.8758856393396854
2025-01-14,0.07059731334447861,0.01635201834142208,0.913050651550293,0.054245295003056526
2025-01-16,0.8687182068824768,0.020924318581819534,0.11035747081041336,0.8477938883006573
2025-01-17,0.11010564118623734,0.00920457299798727,0.880689799785614,0.10090106818825006
2025-01-20,0.015884436666965485,0.8506676554679871,0.1334479432553053,-0.8347832188010216
2025-01-29,0.08895562589168549,0.019026102498173714,0.8920183181762695,0.06992952339351177
2025-02-04,0.01573505438864231,0.9519628286361694,0.03230205178260803,-0.9362277742475271
2025-02-14,0.6946843266487122,0.2508637011051178,0.05445188283920288,0.44382062554359436
2025-02-15,0.012377687729895115,0.9290497899055481,0.058572567999362946,-0.916672102175653
2025-02-18,0.07123617827892303,0.15045329928398132,0.7783104777336121,-0.07921712100505829
2025-02-21,0.10888944566249847,0.0142561299726367,0.8768543601036072,0.09463331568986177
2025-02-25,0.008320096880197525,0.9684038162231445,0.023276176303625107,-0.960083719342947
2025-03-03,0.030031945556402206,0.739926815032959,0.2300412356853485,-0.7098948694765568
2025-03-05,0.2113015353679657,0.7270733714103699,0.06162513419985771,-0.5157718360424042
2025-03-06,0.10529198497533798,0.01874704472720623,0.8759610056877136,0.08654494024813175
2025-03-07,0.09913946688175201,0.01339567918330431,0.8874648809432983,0.0857437876984477
2025-03-09,0.9441056251525879,0.03004119172692299,0.025853177532553673,0.9140644334256649
2025-03-10,0.019916249439120293,0.9173884987831116,0.06269523501396179,-0.8974722493439913
2025-03-12,0.20174109935760498,0.01000060886144638,0.7882583141326904,0.1917404904961586
2025-03-13,0.03935529291629791,0.03754587471485138,0.9230988025665283,0.0018094182014465332
2025-03-17,0.1299205720424652,0.10940054804086685,0.7606788277626038,0.020520024001598358
2025-03-24,0.4274619109928608,0.16745672351680696,0.4050813247449696,0.26000518747605383
2025-03-28,0.07610612362623215,0.011725354008376598,0.9121685028076172,0.06438076961785555
2025-04-07,0.01566258817911148,0.9166913032531738,0.06764612346887589,-0.9010287150740623
2025-04-11,0.4534839689731598,0.08102477341890335,0.46549132466316223,0.37245919555425644
2025-04-14,0.5200582270820936,0.03488141174117724,0.4450603239238262,0.48517681534091633
2025-04-15,0.8010736703872681,0.009914209134876728,0.1890120953321457,0.7911594612523913
2025-04-16,0.1148989126086235,0.028674986213445663,0.8564261198043823,0.08622392639517784
2025-04-17,0.027713270857930183,0.927693784236908,0.04459301754832268,-0.8999805133789778
2025-04-23,0.41453763097524643,0.027336842380464077,0.5581255406141281,0.38720078859478235
2025-04-25,0.04048270732164383,0.02435341104865074,0.9351638555526733,0.016129296272993088
2025-04-28,0.7506717443466187,0.08234740793704987,0.1669808179140091,0.6683243364095688
2025-05-02,0.019847435876727104,0.9399055242538452,0.04024709388613701,-0.9200580883771181
2025-05-03,0.8593692779541016,0.025785332545638084,0.11484532803297043,0.8335839454084635
2025-05-04,0.9405261278152466,0.014899098314344883,0.04457481577992439,0.9256270295009017
2025-05-05,0.45813549558321637,0.03976891251901785,0.5020956173539162,0.4183665830641985
2025-05-13,0.03991597890853882,0.03086724691092968,0.929216742515564,0.009048731997609138
2025-05-19,0.5007234662771225,0.01954350620508194,0.47973301634192467,0.48117996007204056
2025-05-21,0.0738104060292244,0.48004113882780075,0.44614838249981403,-0.40623073279857635
2025-05-22,0.013952039647847414,0.8894689679145813,0.09657893888652325,-0.8755169282667339
2025-05-28,0.5220308303833008,0.008429618552327156,0.469539612531662,0.5136012118309736
2025-05-29,0.020175117999315262,0.5897440314292908,0.39008086919784546,-0.5695689134299755
2025-06-01,0.29802241921424866,0.013611851260066032,0.6883657574653625,0.2844105679541826
2025-06-02,0.024005891755223274,0.7487868070602417,0.22720730304718018,-0.7247809153050184
2025-06-11,0.2615499794483185,0.010467041283845901,0.7279829978942871,0.2510829381644726
2025-06-16,0.029592540115118027,0.9259133338928223,0.044494207948446274,-0.8963207937777042
2025-06-18,0.04475437290966511,0.4705073523024718,0.4847382952769597,-0.4257529793928067
2025-06-20,0.06671952269971371,0.05737860221415758,0.8759019076824188,0.009340920485556126
2025-06-24,0.06895209103822708,0.02668868750333786,0.9043592214584351,0.04226340353488922
2025-06-25,0.008763485588133335,0.9576619267463684,0.03357464075088501,-0.9488984411582351
2025-06-27,0.36427509970963,0.5981288254261017,0.03759610839188099,-0.23385372571647167
2025-06-29,0.1142221987247467,0.021241262555122375,0.8645365238189697,0.09298093616962433
2025-07-02,0.05864233896136284,0.01591038890182972,0.9254473447799683,0.04273195005953312
2025-07-11,0.014372266363352537,0.9216158986091614,0.06401189602911472,-0.9072436322458088
2025-07-14,0.8964789509773254,0.011682245880365372,0.09183883666992188,0.8847967050969601
2025-07-16,0.09770536608994007,0.5622498318552971,0.3400448113679886,-0.464544465765357
2025-07-17,0.5474753379821777,0.33233746886253357,0.12018715217709541,0.21513786911964417
2025-07-18,0.0314719844609499,0.49561342783272266,0.4729146156460047,-0.46414144337177277
2025-07-20,0.014177129603922367,0.9087271094322205,0.07709580659866333,-0.8945499798282981
2025-07-21,0.011802341789007187,0.9644055962562561,0.023792175576090813,-0.9526032544672489
2025-07-22,0.020466148853302002,0.8230152726173401,0.15651853382587433,-0.8025491237640381
2025-07-28,0.6249099969863892,0.06623541563749313,0.3088545799255371,0.558674581348896
2025-07-29,0.013765322044491768,0.9425650238990784,0.04366965591907501,-0.9287997018545866
2025-07-31,0.20870669186115265,0.7586247324943542,0.032668642699718475,-0.5499180406332016
2025-08-01,0.015195771120488644,0.8609704971313477,0.1238338053226471,-0.845774726010859
2025-08-03,0.01694037951529026,0.7874486446380615,0.19561097025871277,-0.7705082651227713
2025-08-04,0.484971072524786,0.40144203696399927,0.11358693521469831,0.08352903556078672
2025-08-05,0.24595344066619873,0.09286312013864517,0.6611834168434143,0.15309032052755356
2025-08-06,0.05909888632595539,0.10444056987762451,0.836460530757904,-0.04534168355166912
2025-08-07,0.029254334047436714,0.03986729681491852,0.9308784008026123,-0.010612962767481804
2025-08-08,0.24238872528076172,0.014505252242088318,0.7431060075759888,0.2278834730386734
2025-08-12,0.017170583363622427,0.920996367931366,0.06183300167322159,-0.9038257845677435
2025-08-13,0.39860854763537645,0.47276590671390295,0.12862555868923664,-0.0741573590785265
2025-08-14,0.3989296443760395,0.5367307811975479,0.06433955579996109,-0.1378011368215084
2025-08-18,0.42706477642059326,0.01806217199191451,0.5548730492591858,0.40900260442867875
2025-08-19,0.02808072604238987,0.6982864737510681,0.27363279461860657,-0.6702057477086782
2025-08-20,0.10242724418640137,0.45286691188812256,0.4447058141231537,-0.3504396677017212
2025-08-21,0.12730883993208408,0.4595458076025049,0.41314537326494855,-0.3322369676704208
2025-08-22,0.054191090166568756,0.8470966815948486,0.09871222823858261,-0.7929055914282799
2025-08-24,0.03798540495336056,0.027237280271947384,0.9347773194313049,0.010748124681413174
2025-08-25,0.013958146795630455,0.9451368153095245,0.04090507607907057,-0.9311786685138941
2025-08-29,0.17298319252828756,0.08306276922424634,0.7439540425936381,0.08992042330404122
2025-09-01,0.06332939118146896,0.7454138994216919,0.19125665724277496,-0.6820845082402229
2025-09-02,0.06259611621499062,0.4384308410808444,0.49897301197052,-0.3758347248658538
2025-09-03,0.19696777189771333,0.49487636610865593,0.3081558703755339,-0.2979085942109426
2025-09-06,0.02341729961335659,0.7641733884811401,0.21240930259227753,-0.7407560888677835
2025-09-10,0.2547616045922041,0.021020947955548763,0.7242174446582794,0.23374065663665533
2025-09-11,0.04336456581950188,0.48064286448061466,0.47599262185394764,-0.4372782986611128
2025-09-16,0.009937014430761337,0.958473265171051,0.03158970922231674,-0.9485362507402897
2025-09-17,0.008258701302111149,0.9717597365379333,0.01998165436089039,-0.9635010352358222
2025-09-18,0.10175816714763641,0.11485642939805984,0.7833853363990784,-0.013098262250423431
2025-09-22,0.1705252230167389,0.14184041321277618,0.6876344084739685,0.028684809803962708
2025-09-23,0.046354737132787704,0.022621365264058113,0.931023895740509,0.02373337186872959
2025-09-26,0.03727669641375542,0.29497175601621467,0.6677515606085459,-0.25769505960245925
2025-09-29,0.33610543608665466,0.11242788285017014,0.5514666438102722,0.22367755323648453
2025-09-30,0.056377120316028595,0.015405082143843174,0.9282178282737732,0.04097203817218542
2025-10-02,0.035102128982543945,0.43302157521247864,0.531876266002655,-0.3979194462299347
2025-10-04,0.01259256200864911,0.9066824316978455,0.08072500489652157,-0.8940898696891963
2025-10-06,0.29875750839710236,0.4408236453309655,0.260418850928545,-0.14206613693386316
2025-10-07,0.7124683260917664,0.022074807435274124,0.2654568552970886,0.6903935186564922
2025-10-10,0.09565809927880764,0.473645250312984,0.4306966979056597,-0.37798715103417635
2025-10-13,0.48066665418446064,0.4934646780602634,0.025868717581033707,-0.012798023875802755
2025-10-15,0.20609564939513803,0.48608429124578834,0.307820032350719,-0.2799886418506503
2025-10-17,0.053488679230213165,0.8030078113079071,0.1435035364702344,-0.7495191320776939
2025-10-19,0.3756741154938936,0.33716997255881626,0.287155852963527,0.03850414293507737
2025-10-20,0.01234045997262001,0.9643518924713135,0.023307621479034424,-0.9520114324986935
2025-10-22,0.01256070751696825,0.9593036770820618,0.02813556231558323,-0.9467429695650935
2025-10-24,0.7174891829490662,0.13148224353790283,0.1510286033153534,0.5860069394111633
2025-10-27,0.020864523947238922,0.883934736251831,0.09520069509744644,-0.8630702123045921
2025-10-30,0.07538319379091263,0.06297894567251205,0.8616378307342529,0.012404248118400574
2025-10-31,0.1478271633386612,0.22310678660869598,0.6290660500526428,-0.07527962327003479
2025-11-02,0.050403375178575516,0.02207806147634983,0.9275186061859131,0.028325313702225685
2025-11-04,0.8323999643325806,0.014139196835458279,0.15346090495586395,0.8182607674971223
2025-11-05,0.08151025511324406,0.4373983209952712,0.4810913987457752,-0.35588806588202715
2025-11-06,0.01041594116638104,0.9483561515808105,0.0412278895576795,-0.9379402104144295
2025-11-07,0.18829309940338135,0.07103826850652695,0.7406686544418335,0.1172548308968544
2025-11-12,0.3861227408051491,0.26520053297281265,0.3486767113208771,0.12092220783233643
2025-11-14,0.08588659763336182,0.6299097537994385,0.2842036485671997,-0.5440231561660767
2025-11-20,0.0121282241307199,0.8849369883537292,0.10293475911021233,-0.8728087642230093
2025-11-21,0.03786896914243698,0.0235398281365633,0.9385911822319031,0.01432914100587368
2025-11-22,0.04274185746908188,0.8541116714477539,0.10314642637968063,-0.811369813978672
2025-11-26,0.04485255479812622,0.4753379076719284,0.47980955988168716,-0.4304853528738022
2025-11-27,0.9003168940544128,0.024522319436073303,0.07516086101531982,0.8757945746183395
2025-11-30,0.10076845437288284,0.036841314285993576,0.8623902797698975,0.06392714008688927
2025-12-01,0.6182676553726196,0.04362988161544005,0.33810246735811234,0.5746377737571796
2025-12-03,0.380741481979688,0.09439384409536918,0.5248646959662437,0.28634763788431883
2025-12-04,0.01784876175224781,0.960761308670044,0.021389946341514587,-0.9429125469177961
2025-12-05,0.011154287494719028,0.9487299919128418,0.040115825831890106,-0.9375757044181228
2025-12-06,0.025397133082151413,0.8592988848686218,0.11530394852161407,-0.8339017517864704
2025-12-09,0.03554043918848038,0.023114986717700958,0.9413446187973022,0.012425452470779419
2025-12-10,0.17494723200798035,0.44971630349755287,0.37533650547266006,-0.2747690714895725
2025-12-15,0.31580978631973267,0.6464385986328125,0.03775162994861603,-0.33062881231307983
2025-12-16,0.037636153399944305,0.7429715991020203,0.21939224004745483,-0.705335445702076
2025-12-17,0.030471937265247107,0.45820015226490796,0.5113278855569661,-0.42772821499966085
2025-12-18,0.8253328204154968,0.12406026385724545,0.05060688033699989,0.7012725565582514
2025-12-19,0.9161949455738068,0.03451060876250267,0.04929446987807751,0.8816843368113041
2025-12-20,0.7256838083267212,0.014503097161650658,0.2598131000995636,0.7111807111650705
2025-12-21,0.04443318396806717,0.890902578830719,0.06466425955295563,-0.8464693948626518
2025-12-22,0.010162146762013435,0.9125349521636963,0.07730287313461304,-0.9023728054016829
2025-12-23,0.4001575658718745,0.2590175575266282,0.34082487784326077,0.14114000834524632
2025-12-24,0.6056678295135498,0.35054561495780945,0.04378650709986687,0.25512221455574036
2025-12-26,0.8941328823566437,0.06202832702547312,0.04383874963968992,0.8321045553311706
2025-12-27,0.9097462296485901,0.029137223958969116,0.061116594821214676,0.880609005689621
2025-12-29,0.15390340983867645,0.013920608907938004,0.8321759104728699,0.13998280093073845
2025-12-30,0.1245742067694664,0.7603831887245178,0.11504257470369339,-0.6358089819550514
2025-12-31,0.008826457895338535,0.9715240597724915,0.019649483263492584,-0.9626976018771529
2026-01-01,0.05023300647735596,0.028008094057440758,0.9217588901519775,0.0222249124199152
